1	ладно	ладно	PART	_	_	_	_	_	@kib1997f-words#@kib1997f#0.0#0.304
2	давай	давай	PART	_	_	_	_	_	@kib1997f-words#@kib1997f#0.304#0.608
3	поговорим	говорить	VERB	_	Aspect=Perf|Mood=Ind|Number=Plur|Person=1|Tense=Fut|VerbForm=Fin|Voice=Act	_	_	_	@kib1997f-words#@kib1997f#0.608#0.912
4	про	про	ADP	_	_	_	_	_	@kib1997f-words#@kib1997f#0.912#1.216
5	твой	твой	DET	_	Case=Acc|Gender=Masc|Number=Sing	_	_	_	@kib1997f-words#@kib1997f#1.216#1.52
6	переезд	переезд	NOUN	_	Animacy=Inan|Case=Acc|Gender=Masc|Number=Sing	_	_	_	@kib1997f-words#@kib1997f#1.52#1.824
7	аээ	аээ	INTJ	_	_	_	_	_	@kib1997f-words#@kib1997f#1.824#2.128
8	/	/	PUNCT	_	_	_	_	_	@kib1997f-words#@kib1997f#2.128#2.432
9	насколько	насколько	SCONJ	_	_	_	_	_	@kib1997f-words#@kib1997f#2.432#2.736
10	я	я	PRON	_	Case=Nom|Number=Sing|Person=1	_	_	_	@kib1997f-words#@kib1997f#2.736#3.04
11	знаю	знать	VERB	_	Aspect=Imp|Mood=Ind|Number=Sing|Person=1|Tense=Pres|VerbForm=Fin|Voice=Act	_	_	_	@kib1997f-words#@kib1997f#3.04#3.344
12	/	/	PUNCT	_	_	_	_	_	@kib1997f-words#@kib1997f#3.344#3.648
13	ты	ты	PRON	_	Case=Nom|Number=Sing|Person=2	_	_	_	@kib1997f-words#@kib1997f#3.648#3.952
14	родом	род	NOUN	_	Animacy=Inan|Case=Ins|Gender=Masc|Number=Sing	_	_	_	@kib1997f-words#@kib1997f#3.952#4.256
15	из	из	ADP	_	_	_	_	_	@kib1997f-words#@kib1997f#4.256#4.56
16	вообще	вообще	ADV	_	Degree=Pos	_	_	_	@kib1997f-words#@kib1997f#4.56#4.864
17	маленького	маленький	ADJ	_	Case=Gen|Degree=Pos|Gender=Masc|Number=Sing	_	_	_	@kib1997f-words#@kib1997f#4.864#5.168
18	городка	городок	NOUN	_	Animacy=Inan|Case=Gen|Gender=Masc|Number=Sing	_	_	_	@kib1997f-words#@kib1997f#5.168#5.472
19	там	там	ADV	_	Degree=Pos	_	_	_	@kib1997f-words#@kib1997f#5.472#5.776
20	чёт	чёт	PART	_	_	_	_	_	@kib1997f-words#@kib1997f#5.776#6.08
21	населённостью	населённость	NOUN	_	Animacy=Inan|Case=Ins|Gender=Fem|Number=Sing	_	_	_	@kib1997f-words#@kib1997f#6.08#6.384
22	вообще	вообще	ADV	_	Degree=Pos	_	_	_	@kib1997f-words#@kib1997f#6.384#6.688
23	несколько	несколько	NUM	_	Animacy=Inan|Case=Acc	_	_	_	@kib1997f-words#@kib1997f#6.688#6.992
24	тысяч	тысяча	NOUN	_	Animacy=Inan|Case=Gen|Gender=Fem|Number=Plur	_	_	_	@kib1997f-words#@kib1997f#6.992#7.304
25	э	э	INTJ	_	_	_	_	_	@kib1997f-words#@kib1997f#8.021#8.235
26	расскажи	рассказать	VERB	_	Aspect=Perf|Mood=Imp|Number=Sing|Person=2|VerbForm=Fin|Voice=Act	_	_	_	@kib1997f-words#@kib1997f#8.235#8.449
27	поподробнее	подробно	ADV	_	Degree=Cmp	_	_	_	@kib1997f-words#@kib1997f#8.449#8.663
28	о	о	ADP	_	_	_	_	_	@kib1997f-words#@kib1997f#8.663#8.877
29	жизни	жизнь	NOUN	_	Animacy=Inan|Case=Loc|Gender=Fem|Number=Sing	_	_	_	@kib1997f-words#@kib1997f#8.877#9.091
30	там	там	ADV	_	Degree=Pos	_	_	_	@kib1997f-words#@kib1997f#9.091#9.305
31	/	/	PUNCT	_	_	_	_	_	@kib1997f-words#@kib1997f#9.305#9.519
32	вообще	вообще	ADV	_	Degree=Pos	_	_	_	@kib1997f-words#@kib1997f#9.519#9.739
33	а	а	CCONJ	_	_	_	_	_	@kib1997f-words#@kib1997f#31.543#31.767
34	что	что	PRON	_	Case=Acc	_	_	_	@kib1997f-words#@kib1997f#31.767#31.991
35	именно	именно	PART	_	_	_	_	_	@kib1997f-words#@kib1997f#31.991#32.217
36	тебя	ты	PRON	_	Case=Acc|Number=Sing|Person=2	_	_	_	@kib1997f-words#@kib1997f#32.217#32.374
37	?	?	PUNCT	_	_	_	_	_	@kib1997f-words#@kib1997f#32.374#32.531
38	/	/	PUNCT	_	_	_	_	_	@kib1997f-words#@kib1997f#32.531#32.688
39	ээ	ээ	INTJ	_	_	_	_	_	@kib1997f-words#@kib1997f#32.688#32.847
40	ну	ну	PART	_	_	_	_	_	@kib1997f-words#@kib1997f#38.13#38.202
41	чем	что	PRON	_	Case=Ins	_	_	_	@kib1997f-words#@kib1997f#38.202#38.274
42	?	?	PUNCT	_	_	_	_	_	@kib1997f-words#@kib1997f#38.274#38.347
43	угу	угу	INTJ	_	_	_	_	_	@kib1997f-words#@kib1997f#48.804#49.021
44	а	а	CCONJ	_	_	_	_	_	@kib1997f-words#@kib1997f#79.934#80.124
45	что	что	PRON	_	Case=Acc	_	_	_	@kib1997f-words#@kib1997f#80.124#80.314
46	это	это	PART	_	_	_	_	_	@kib1997f-words#@kib1997f#80.314#80.504
47	за	за	ADP	_	_	_	_	_	@kib1997f-words#@kib1997f#80.504#80.694
48	город	город	NOUN	_	Animacy=Inan|Case=Acc|Gender=Masc|Number=Sing	_	_	_	@kib1997f-words#@kib1997f#80.694#80.884
49	?	?	PUNCT	_	_	_	_	_	@kib1997f-words#@kib1997f#80.884#81.074
50	ты	ты	PRON	_	Case=Nom|Number=Sing|Person=2	_	_	_	@kib1997f-words#@kib1997f#81.074#81.264
51	просто	просто	PART	_	_	_	_	_	@kib1997f-words#@kib1997f#81.264#81.454
52	по-моему	по-моему	ADV	_	Degree=Pos	_	_	_	@kib1997f-words#@kib1997f#81.454#81.644
53	нигде	нигде	ADV	_	Degree=Pos	_	_	_	@kib1997f-words#@kib1997f#81.644#81.834
54	не	не	PART	_	_	_	_	_	@kib1997f-words#@kib1997f#81.834#82.024
55	называл	называть	VERB	_	Aspect=Imp|Gender=Masc|Mood=Ind|Number=Sing|Tense=Past|VerbForm=Fin|Voice=Act	_	_	_	@kib1997f-words#@kib1997f#82.024#82.217
56	ну	ну	PART	_	_	_	_	_	@kib1997f-words#@kib1997f#91.326#91.527
57	то есть	то есть	PART	_	_	_	_	_	@kib1997f-words#@kib1997f#91.527#91.728
58	/	/	PUNCT	_	_	_	_	_	@kib1997f-words#@kib1997f#91.929#92.13
59	тебе	ты	PRON	_	Case=Dat|Number=Sing|Person=2	_	_	_	@kib1997f-words#@kib1997f#92.13#92.331
60	кажется	казаться	VERB	_	Aspect=Imp|Mood=Ind|Number=Sing|Person=3|Tense=Pres|VerbForm=Fin|Voice=Mid	_	_	_	@kib1997f-words#@kib1997f#92.331#92.532
61	что	что	SCONJ	_	_	_	_	_	@kib1997f-words#@kib1997f#92.532#92.733
62	э	э	INTJ	_	_	_	_	_	@kib1997f-words#@kib1997f#92.733#92.934
63	туда	туда	ADV	_	Degree=Pos	_	_	_	@kib1997f-words#@kib1997f#92.934#93.135
64	нагрянут	нагрянуть	VERB	_	Aspect=Perf|Mood=Ind|Number=Plur|Person=3|Tense=Fut|VerbForm=Fin|Voice=Act	_	_	_	@kib1997f-words#@kib1997f#93.135#93.336
65	/	/	PUNCT	_	_	_	_	_	@kib1997f-words#@kib1997f#93.336#93.537
66	там	там	ADV	_	Degree=Pos	_	_	_	@kib1997f-words#@kib1997f#93.537#93.738
67	/	/	PUNCT	_	_	_	_	_	@kib1997f-words#@kib1997f#93.738#93.939
68	твои	твой	DET	_	Case=Nom|Number=Plur	_	_	_	@kib1997f-words#@kib1997f#93.939#94.14
69	/	/	PUNCT	_	_	_	_	_	@kib1997f-words#@kib1997f#94.14#94.341
70	не	не	PART	_	_	_	_	_	@kib1997f-words#@kib1997f#94.341#94.542
71	знаю	знать	VERB	_	Aspect=Imp|Mood=Ind|Number=Sing|Person=1|Tense=Pres|VerbForm=Fin|Voice=Act	_	_	_	@kib1997f-words#@kib1997f#94.542#94.743
72	/	/	PUNCT	_	_	_	_	_	@kib1997f-words#@kib1997f#94.743#94.944
73	фанаты	фанат	NOUN	_	Animacy=Anim|Case=Nom|Gender=Masc|Number=Plur	_	_	_	@kib1997f-words#@kib1997f#94.944#95.145
74	?	?	PUNCT	_	_	_	_	_	@kib1997f-words#@kib1997f#95.145#95.347
75	хейтеры	хейтер	NOUN	_	Animacy=Anim|Case=Nom|Gender=Masc|Number=Plur	_	_	_	@kib1997f-words#@kib1997f#95.891#96.097
76	?	?	PUNCT	_	_	_	_	_	@kib1997f-words#@kib1997f#96.097#96.304
77	ты	ты	PRON	_	Case=Nom|Number=Sing|Person=2	_	_	_	@kib1997f-words#@kib1997f#100.32#100.613
78	сказал	сказать	VERB	_	Aspect=Perf|Gender=Masc|Mood=Ind|Number=Sing|Tense=Past|VerbForm=Fin|Voice=Act	_	_	_	@kib1997f-words#@kib1997f#100.613#100.906
79	я	я	PRON	_	Case=Nom|Number=Sing|Person=1	_	_	_	@kib1997f-words#@kib1997f#100.906#101.199
80	сидел	сидеть	VERB	_	Aspect=Imp|Gender=Masc|Mood=Ind|Number=Sing|Tense=Past|VerbForm=Fin|Voice=Act	_	_	_	@kib1997f-words#@kib1997f#101.199#101.492
81	в	в	ADP	_	_	_	_	_	@kib1997f-words#@kib1997f#101.492#101.785
82	интернете	интернет	NOUN	_	Animacy=Inan|Case=Loc|Gender=Masc|Number=Sing	_	_	_	@kib1997f-words#@kib1997f#101.785#102.078
83	даа	да	INTJ	_	_	_	_	_	@kib1997f-words#@kib1997f#102.078#102.371
84	/	/	PUNCT	_	_	_	_	_	@kib1997f-words#@kib1997f#102.371#102.664
85	э	э	INTJ	_	_	_	_	_	@kib1997f-words#@kib1997f#102.664#102.96
86	что	что	PRON	_	Case=Acc	_	_	_	@kib1997f-words#@kib1997f#103.28#103.484
87	ты	ты	PRON	_	Case=Nom|Number=Sing|Person=2	_	_	_	@kib1997f-words#@kib1997f#103.484#103.688
88	там	там	ADV	_	Degree=Pos	_	_	_	@kib1997f-words#@kib1997f#103.688#103.892
89	делал	делать	VERB	_	Aspect=Imp|Gender=Masc|Mood=Ind|Number=Sing|Tense=Past|VerbForm=Fin|Voice=Act	_	_	_	@kib1997f-words#@kib1997f#103.892#104.096
90	/	/	PUNCT	_	_	_	_	_	@kib1997f-words#@kib1997f#104.096#104.3
91	что	что	SCONJ	_	_	_	_	_	@kib1997f-words#@kib1997f#104.3#104.504
92	смотрел	смотреть	VERB	_	Aspect=Imp|Gender=Masc|Mood=Ind|Number=Sing|Tense=Past|VerbForm=Fin|Voice=Act	_	_	_	@kib1997f-words#@kib1997f#104.504#104.708
93	?	?	PUNCT	_	_	_	_	_	@kib1997f-words#@kib1997f#104.708#104.912
94	ну	ну	PART	_	_	_	_	_	@kib1997f-words#@kib1997f#104.912#105.116
95	то есть	то есть	PART	_	_	_	_	_	@kib1997f-words#@kib1997f#105.116#105.32
96	/	/	PUNCT	_	_	_	_	_	@kib1997f-words#@kib1997f#105.524#105.728
97	что	что	SCONJ	_	_	_	_	_	@kib1997f-words#@kib1997f#105.728#105.932
98	тебя	ты	PRON	_	Case=Acc|Number=Sing|Person=2	_	_	_	@kib1997f-words#@kib1997f#105.932#106.136
99	сформировало	сформировать	VERB	_	Aspect=Imp|Gender=Neut|Mood=Ind|Number=Sing|Tense=Past|VerbForm=Fin|Voice=Act	_	_	_	@kib1997f-words#@kib1997f#106.136#106.34
100	как	как	SCONJ	_	_	_	_	_	@kib1997f-words#@kib1997f#106.34#106.544
101	личность	личность	NOUN	_	Animacy=Inan|Case=Nom|Gender=Fem|Number=Sing	_	_	_	@kib1997f-words#@kib1997f#106.544#106.748
102	?	?	PUNCT	_	_	_	_	_	@kib1997f-words#@kib1997f#106.748#106.96
103	какие	какой	DET	_	Case=Nom|Number=Plur	_	_	_	@kib1997f-words#@kib1997f#107.933#108.115
104	фильмы	фильм	NOUN	_	Animacy=Inan|Case=Nom|Gender=Masc|Number=Plur	_	_	_	@kib1997f-words#@kib1997f#108.115#108.297
105	?	?	PUNCT	_	_	_	_	_	@kib1997f-words#@kib1997f#108.297#108.481
106	то есть	то есть	PART	_	Animacy=Inan|Case=Nom|Gender=Neut|Number=Sing	_	_	_	@kib1997f-words#@kib1997f#115.049#115.207
107	ты	ты	PRON	_	Case=Nom|Number=Sing|Person=2	_	_	_	@kib1997f-words#@kib1997f#115.365#115.523
108	застал	застать	VERB	_	Aspect=Perf|Gender=Masc|Mood=Ind|Number=Sing|Tense=Past|VerbForm=Fin|Voice=Act	_	_	_	@kib1997f-words#@kib1997f#115.523#115.681
109	[нрзб]	[нрзб]	PUNCT	_	_	_	_	_	@kib1997f-words#@kib1997f#115.681#115.839
110	ну	ну	PART	_	_	_	_	_	@kib1997f-words#@kib1997f#117.197#117.476
111	я	я	PRON	_	Case=Nom|Number=Sing|Person=1	_	_	_	@kib1997f-words#@kib1997f#117.476#117.755
112	пон...	пон...	VERB	_	Aspect=Perf|Gender=Masc|Mood=Ind|Number=Sing|Tense=Past|VerbForm=Fin|Voice=Act	_	_	_	@kib1997f-words#@kib1997f#117.755#118.034
113	а	а	CCONJ	_	_	_	_	_	@kib1997f-words#@kib1997f#118.034#118.313
114	всё	весь	DET	_	Case=Acc|Gender=Neut|Number=Sing	_	_	_	@kib1997f-words#@kib1997f#118.313#118.592
115	демотиваторы	демотиватор	NOUN	_	Animacy=Inan|Case=Acc|Gender=Masc|Number=Plur	_	_	_	@kib1997f-words#@kib1997f#118.888#119.481
116	мгм	мгм	INTJ	_	_	_	_	_	@kib1997f-words#@kib1997f#121.999#122.197
117	то есть	то есть	PART	_	_	_	_	_	@kib1997f-words#@kib1997f#140.896#141.16
118	ты	ты	PRON	_	Case=Nom|Number=Sing|Person=2	_	_	_	@kib1997f-words#@kib1997f#141.424#141.689
119	уже	уже	ADV	_	Degree=Pos	_	_	_	@kib1997f-words#@kib1997f#141.724#142.0
120	с	с	ADP	_	_	_	_	_	@kib1997f-words#@kib1997f#142.0#142.317
121	подросткового	подростковый	ADJ	_	Case=Gen|Degree=Pos|Gender=Masc|Number=Sing	_	_	_	@kib1997f-words#@kib1997f#142.317#142.634
122	возраста	возраст	NOUN	_	Animacy=Inan|Case=Gen|Gender=Masc|Number=Sing	_	_	_	@kib1997f-words#@kib1997f#142.634#142.951
123	/	/	PUNCT	_	_	_	_	_	@kib1997f-words#@kib1997f#142.951#143.268
124	собирался	собираться	VERB	_	Aspect=Imp|Gender=Masc|Mood=Ind|Number=Sing|Tense=Past|VerbForm=Fin|Voice=Mid	_	_	_	@kib1997f-words#@kib1997f#143.268#143.586
125	уезжать	уезжать	VERB	_	Aspect=Imp|VerbForm=Inf|Voice=Act	_	_	_	@kib1997f-words#@kib1997f#143.586#143.861
126	?	?	PUNCT	_	_	_	_	_	@kib1997f-words#@kib1997f#143.861#144.137
127	у	у	ADP	_	_	_	_	_	@kib1997f-words#@kib1997f#145.0#145.201
128	тебя	ты	PRON	_	Case=Gen|Number=Sing|Person=2	_	_	_	@kib1997f-words#@kib1997f#145.201#145.402
129	сразу	сразу	ADV	_	Degree=Pos	_	_	_	@kib1997f-words#@kib1997f#145.402#145.603
130	/	/	PUNCT	_	_	_	_	_	@kib1997f-words#@kib1997f#145.603#145.804
131	ты	ты	PRON	_	Case=Nom|Number=Sing|Person=2	_	_	_	@kib1997f-words#@kib1997f#145.804#146.005
132	сразу	сразу	ADV	_	Degree=Pos	_	_	_	@kib1997f-words#@kib1997f#146.005#146.206
133	принял	принять	VERB	_	Aspect=Perf|Gender=Masc|Mood=Ind|Number=Sing|Tense=Past|VerbForm=Fin|Voice=Act	_	_	_	@kib1997f-words#@kib1997f#146.206#146.407
134	решение	решение	NOUN	_	Animacy=Inan|Case=Acc|Gender=Neut|Number=Sing	_	_	_	@kib1997f-words#@kib1997f#146.407#146.608
135	что	что	SCONJ	_	_	_	_	_	@kib1997f-words#@kib1997f#146.608#146.809
136	это	это	PRON	_	Animacy=Inan|Case=Nom|Gender=Neut|Number=Sing	_	_	_	@kib1997f-words#@kib1997f#146.809#147.01
137	будет	быть	AUX	_	Aspect=Imp|Mood=Ind|Number=Sing|Person=3|Tense=Pres|VerbForm=Fin|Voice=Act	_	_	_	@kib1997f-words#@kib1997f#147.01#147.211
138	Москва	Москва	PROPN	_	Animacy=Inan|Case=Nom|Gender=Fem|Number=Sing	_	_	_	@kib1997f-words#@kib1997f#147.211#147.412
139	?	?	PUNCT	_	_	_	_	_	@kib1997f-words#@kib1997f#147.412#147.62
140	или	или	CCONJ	_	_	_	_	_	@kib1997f-words#@kib1997f#147.62#147.827
141	это	это	PRON	_	Animacy=Inan|Case=Nom|Gender=Neut|Number=Sing	_	_	_	@kib1997f-words#@kib1997f#147.827#148.034
142	?	?	PUNCT	_	_	_	_	_	@kib1997f-words#@kib1997f#148.034#148.241
143	и	и	CCONJ	_	_	_	_	_	@kib1997f-words#@kib1997f#149.827#150.033
144	с	с	ADP	_	_	_	_	_	@kib1997f-words#@kib1997f#150.033#150.239
145	какими	какой	DET	_	Case=Ins|Number=Plur	_	_	_	@kib1997f-words#@kib1997f#150.239#150.445
146	целями	цель	NOUN	_	Animacy=Inan|Case=Ins|Gender=Fem|Number=Plur	_	_	_	@kib1997f-words#@kib1997f#150.445#150.651
147	ты	ты	PRON	_	Case=Nom|Number=Sing|Person=2	_	_	_	@kib1997f-words#@kib1997f#150.651#150.857
148	переезжал	переезжать	VERB	_	Aspect=Imp|Gender=Masc|Mood=Ind|Number=Sing|Tense=Past|VerbForm=Fin|Voice=Act	_	_	_	@kib1997f-words#@kib1997f#150.857#151.063
149	?	?	PUNCT	_	_	_	_	_	@kib1997f-words#@kib1997f#151.063#151.275
150	что	что	PRON	_	Case=Acc	_	_	_	@kib1997f-words#@kib1997f#152.0#152.193
151	ты	ты	PRON	_	Case=Nom|Number=Sing|Person=2	_	_	_	@kib1997f-words#@kib1997f#152.193#152.386
152	хотел	хотеть	VERB	_	Aspect=Imp|Gender=Masc|Mood=Ind|Number=Sing|Tense=Past|VerbForm=Fin|Voice=Act	_	_	_	@kib1997f-words#@kib1997f#152.386#152.579
153	/	/	PUNCT	_	_	_	_	_	@kib1997f-words#@kib1997f#152.579#152.772
154	о	о	ADP	_	_	_	_	_	@kib1997f-words#@kib1997f#152.772#152.965
155	чём	что	PRON	_	Case=Loc	_	_	_	@kib1997f-words#@kib1997f#152.965#153.158
156	думал	думать	VERB	_	Aspect=Imp|Gender=Masc|Mood=Ind|Number=Sing|Tense=Past|VerbForm=Fin|Voice=Act	_	_	_	@kib1997f-words#@kib1997f#153.158#153.351
157	?	?	PUNCT	_	_	_	_	_	@kib1997f-words#@kib1997f#153.351#153.551
158	ты	ты	PRON	_	Case=Nom|Number=Sing|Person=2	_	_	_	@kib1997f-words#@kib1997f#161.6#161.946
159	сейчас	сейчас	ADV	_	Degree=Pos	_	_	_	@kib1997f-words#@kib1997f#161.946#162.292
160	показываешь	показывать	VERB	_	Aspect=Imp|Mood=Ind|Number=Sing|Person=2|Tense=Pres|VerbForm=Fin|Voice=Act	_	_	_	@kib1997f-words#@kib1997f#162.292#162.64
161	прям	прямо	ADV	_	Degree=Pos	_	_	_	@kib1997f-words#@kib1997f#163.08#163.255
162	вот	вот	PART	_	_	_	_	_	@kib1997f-words#@kib1997f#163.255#163.43
163	/	/	PUNCT	_	_	_	_	_	@kib1997f-words#@kib1997f#163.43#163.605
164	ну	ну	PART	_	_	_	_	_	@kib1997f-words#@kib1997f#163.605#163.782
165	люксовую	люксовый	ADJ	_	Case=Acc|Degree=Pos|Gender=Fem|Number=Sing	_	_	_	@kib1997f-words#@kib1997f#164.28#164.544
166	жизнь	жизнь	NOUN	_	Animacy=Inan|Case=Acc|Gender=Fem|Number=Sing	_	_	_	@kib1997f-words#@kib1997f#164.544#164.808
167	/	/	PUNCT	_	_	_	_	_	@kib1997f-words#@kib1997f#164.808#165.072
168	да	да	PART	_	_	_	_	_	@kib1997f-words#@kib1997f#165.072#165.336
169	вот	вот	PART	_	_	_	_	_	@kib1997f-words#@kib1997f#165.336#165.6
170	эта	этот	DET	_	Case=Nom|Gender=Fem|Number=Sing	_	_	_	@kib1997f-words#@kib1997f#165.6#165.864
171	/	/	PUNCT	_	_	_	_	_	@kib1997f-words#@kib1997f#165.864#166.128
172	роскошь	роскошь	NOUN	_	Animacy=Inan|Case=Nom|Gender=Fem|Number=Sing	_	_	_	@kib1997f-words#@kib1997f#166.128#166.392
173	/	/	PUNCT	_	_	_	_	_	@kib1997f-words#@kib1997f#166.392#166.656
174	да	да	CCONJ	_	_	_	_	_	@kib1997f-words#@kib1997f#166.656#166.92
175	это	это	PRON	_	Animacy=Inan|Case=Nom|Gender=Neut|Number=Sing	_	_	_	@kib1997f-words#@kib1997f#166.92#167.184
176	/	/	PUNCT	_	_	_	_	_	@kib1997f-words#@kib1997f#167.184#167.448
177	ммм	ммм	INTJ	_	_	_	_	_	@kib1997f-words#@kib1997f#167.448#167.72
178	деньги	деньги	NOUN	_	Animacy=Inan|Case=Nom|Gender=Fem|Number=Plur	_	_	_	@kib1997f-words#@kib1997f#167.72#167.968
179	/	/	PUNCT	_	_	_	_	_	@kib1997f-words#@kib1997f#167.968#168.216
180	это	это	PRON	_	Animacy=Inan|Case=Nom|Gender=Neut|Number=Sing	_	_	_	@kib1997f-words#@kib1997f#168.216#168.464
181	путешествия	путешествие	NOUN	_	Animacy=Inan|Case=Nom|Gender=Neut|Number=Plur	_	_	_	@kib1997f-words#@kib1997f#168.464#168.712
182	/	/	PUNCT	_	_	_	_	_	@kib1997f-words#@kib1997f#168.712#168.96
183	ну	ну	PART	_	_	_	_	_	@kib1997f-words#@kib1997f#168.96#169.208
184	[нрзб]	[нрзб]	PUNCT	_	_	_	_	_	@kib1997f-words#@kib1997f#169.208#169.456
185	я	я	PRON	_	Case=Nom|Number=Sing|Person=1	_	_	_	@kib1997f-words#@kib1997f#169.456#169.704
186	просто	просто	PART	_	_	_	_	_	@kib1997f-words#@kib1997f#169.704#169.952
187	подписана	подписать	VERB	_	Aspect=Perf|Gender=Fem|Number=Sing|Tense=Past|Variant=Short|VerbForm=Part|Voice=Pass	_	_	_	@kib1997f-words#@kib1997f#169.952#170.2
188	на	на	ADP	_	_	_	_	_	@kib1997f-words#@kib1997f#170.2#170.448
189	твой	твой	DET	_	Case=Nom|Gender=Masc|Number=Sing	_	_	_	@kib1997f-words#@kib1997f#170.448#170.696
190	инстаграм	инстаграм	NOUN	_	Animacy=Inan|Case=Acc|Gender=Masc|Number=Sing	_	_	_	@kib1997f-words#@kib1997f#170.696#170.944
191	и	и	CCONJ	_	_	_	_	_	@kib1997f-words#@kib1997f#170.944#171.192
192	я	я	PRON	_	Case=Nom|Number=Sing|Person=1	_	_	_	@kib1997f-words#@kib1997f#171.192#171.44
193	есть	быть	AUX	_	Aspect=Imp|Mood=Ind|Number=Sing|Person=3|Tense=Pres|VerbForm=Fin|Voice=Act	_	_	_	@kib1997f-words#@kib1997f#171.44#171.688
194	в	в	ADP	_	_	_	_	_	@kib1997f-words#@kib1997f#171.688#171.936
195	лучших	лучший	ADJ	_	Case=Loc|Degree=Pos|Number=Plur	_	_	_	@kib1997f-words#@kib1997f#171.936#172.184
196	друзья...	друг	NOUN	_	Animacy=Anim|Case=Loc|Gender=Masc|Number=Plur	_	_	_	@kib1997f-words#@kib1997f#172.184#172.44
197	извините	извините	INTJ	_	_	_	_	_	@kib1997f-words#@kib1997f#172.6#172.792
198	в	в	ADP	_	_	_	_	_	@kib1997f-words#@kib1997f#172.792#172.984
199	близких	близкий	ADJ	_	Case=Loc|Degree=Pos|Number=Plur	_	_	_	@kib1997f-words#@kib1997f#172.984#173.176
200	/	/	PUNCT	_	_	_	_	_	@kib1997f-words#@kib1997f#173.176#173.368
201	и	и	CCONJ	_	_	_	_	_	@kib1997f-words#@kib1997f#173.368#173.56
202	это	это	PRON	_	Animacy=Inan|Case=Nom|Gender=Neut|Number=Sing	_	_	_	@kib1997f-words#@kib1997f#173.56#173.752
203	просто	просто	PART	_	_	_	_	_	@kib1997f-words#@kib1997f#173.752#173.944
204	восторг	восторг	NOUN	_	Animacy=Inan|Case=Nom|Gender=Masc|Number=Sing	_	_	_	@kib1997f-words#@kib1997f#173.944#174.136
205	это	это	PRON	_	Animacy=Inan|Case=Acc|Gender=Neut|Number=Sing	_	_	_	@kib1997f-words#@kib1997f#174.136#174.328
206	моё	мой	DET	_	Case=Acc|Gender=Neut|Number=Sing	_	_	_	@kib1997f-words#@kib1997f#174.328#174.52
207	любимое	любимый	ADJ	_	Case=Acc|Degree=Pos|Gender=Neut|Number=Sing	_	_	_	@kib1997f-words#@kib1997f#174.52#174.72
208	аа	аа	INTJ	_	_	_	_	_	@kib1997f-words#@kib1997f#175.2#175.426
209	/	/	PUNCT	_	_	_	_	_	@kib1997f-words#@kib1997f#175.426#175.652
210	тебе	ты	PRON	_	Case=Dat|Number=Sing|Person=2	_	_	_	@kib1997f-words#@kib1997f#175.652#175.878
211	не	не	PART	_	_	_	_	_	@kib1997f-words#@kib1997f#175.878#176.104
212	кажется	казаться	VERB	_	Aspect=Imp|Mood=Ind|Number=Sing|Person=3|Tense=Pres|VerbForm=Fin|Voice=Mid	_	_	_	@kib1997f-words#@kib1997f#176.104#176.33
213	что	что	SCONJ	_	_	_	_	_	@kib1997f-words#@kib1997f#176.33#176.556
214	это	это	PRON	_	Animacy=Inan|Case=Nom|Gender=Neut|Number=Sing	_	_	_	@kib1997f-words#@kib1997f#176.556#176.782
215	возможно	возможно	ADV	_	Degree=Pos	_	_	_	@kib1997f-words#@kib1997f#176.782#177.008
216	из-за	из-за	ADP	_	_	_	_	_	@kib1997f-words#@kib1997f#177.008#177.234
217	комплексов	комплекс	NOUN	_	Animacy=Inan|Case=Gen|Gender=Masc|Number=Plur	_	_	_	@kib1997f-words#@kib1997f#177.234#177.46
218	?	?	PUNCT	_	_	_	_	_	@kib1997f-words#@kib1997f#177.46#177.686
219	/	/	PUNCT	_	_	_	_	_	@kib1997f-words#@kib1997f#177.686#177.912
220	потому	потому	ADV	_	Degree=Pos	_	_	_	@kib1997f-words#@kib1997f#177.912#178.138
221	что	что	SCONJ	_	_	_	_	_	@kib1997f-words#@kib1997f#178.138#178.364
222	раньше	рано	ADV	_	Degree=Cmp	_	_	_	@kib1997f-words#@kib1997f#178.364#178.59
223	этих	этот	DET	_	Case=Gen|Number=Plur	_	_	_	@kib1997f-words#@kib1997f#178.59#178.816
224	денег	деньги	NOUN	_	Animacy=Inan|Case=Gen|Gender=Fem|Number=Plur	_	_	_	@kib1997f-words#@kib1997f#178.816#179.042
225	не	не	PART	_	_	_	_	_	@kib1997f-words#@kib1997f#179.042#179.268
226	было	быть	VERB	_	Aspect=Imp|Gender=Neut|Mood=Ind|Number=Sing|Tense=Past|VerbForm=Fin|Voice=Act	_	_	_	@kib1997f-words#@kib1997f#179.268#179.494
227	?	?	PUNCT	_	_	_	_	_	@kib1997f-words#@kib1997f#179.494#179.72
228	ты	ты	PRON	_	Case=Nom|Number=Sing|Person=2	_	_	_	@kib1997f-words#@kib1997f#180.12#180.4
229	как-то	как-то	ADV	_	Degree=Pos	_	_	_	@kib1997f-words#@kib1997f#180.4#180.68
230	вот	вот	PART	_	_	_	_	_	@kib1997f-words#@kib1997f#180.68#180.96
231	проводишь	проводить	VERB	_	Aspect=Perf|Mood=Ind|Number=Sing|Person=2|Tense=Fut|VerbForm=Fin|Voice=Act	_	_	_	@kib1997f-words#@kib1997f#180.96#181.24
232	какую-то	какой-то	DET	_	Case=Acc|Gender=Fem|Number=Sing	_	_	_	@kib1997f-words#@kib1997f#181.24#181.52
233	связь	связь	NOUN	_	Animacy=Inan|Case=Acc|Gender=Fem|Number=Sing	_	_	_	@kib1997f-words#@kib1997f#181.88#182.11
234	между	между	ADP	_	_	_	_	_	@kib1997f-words#@kib1997f#182.11#182.34
235	?	?	PUNCT	_	_	_	_	_	@kib1997f-words#@kib1997f#182.34#182.57
236	вот	вот	PART	_	_	_	_	_	@kib1997f-words#@kib1997f#182.57#182.8
237	именно	именно	PART	_	_	_	_	_	@kib1997f-words#@kib1997f#183.52#183.933
238	почему	почему	ADV	_	Degree=Pos	_	_	_	@kib1997f-words#@kib1997f#183.933#184.346
239	ты	ты	PRON	_	Case=Nom|Number=Sing|Person=2	_	_	_	@kib1997f-words#@kib1997f#184.346#184.76
240	так	так	ADV	_	Degree=Pos	_	_	_	@kib1997f-words#@kib1997f#184.915#185.191
241	показываешь	показывать	VERB	_	Aspect=Imp|Mood=Ind|Number=Sing|Person=2|Tense=Pres|VerbForm=Fin|Voice=Act	_	_	_	@kib1997f-words#@kib1997f#185.191#185.467
242	?	?	PUNCT	_	_	_	_	_	@kib1997f-words#@kib1997f#185.467#185.745
243	угу	угу	INTJ	_	_	_	_	_	@kib1997f-words#@kib1997f#206.0#206.093
244	ну	ну	PART	_	_	_	_	_	@kib1997f-words#@kib1997f#241.875#242.114
245	ты	ты	PRON	_	Case=Nom|Number=Sing|Person=2	_	_	_	@kib1997f-words#@kib1997f#242.114#242.353
246	была	быть	AUX	_	Aspect=Imp|Gender=Fem|Mood=Ind|Number=Sing|Tense=Past|VerbForm=Fin|Voice=Act	_	_	_	@kib1997f-words#@kib1997f#242.353#242.592
247	самой	самый	ADJ	_	Case=Ins|Degree=Pos|Gender=Fem|Number=Sing	_	_	_	@kib1997f-words#@kib1997f#242.592#242.831
248	богатой	богатый	ADJ	_	Case=Ins|Degree=Pos|Gender=Fem|Number=Sing	_	_	_	@kib1997f-words#@kib1997f#242.831#243.07
249	сукой	сука	NOUN	_	Animacy=Anim|Case=Ins|Gender=Fem|Number=Sing	_	_	_	@kib1997f-words#@kib1997f#243.07#243.312
250	ты	ты	PRON	_	Case=Nom|Number=Sing|Person=2	_	_	_	@kib1997f-words#@kib1997f#254.625#255.039
251	помогаешь	помогать	VERB	_	Aspect=Imp|Mood=Ind|Number=Sing|Person=2|Tense=Pres|VerbForm=Fin|Voice=Act	_	_	_	@kib1997f-words#@kib1997f#255.039#255.453
252	родителям	родитель	NOUN	_	Animacy=Anim|Case=Dat|Gender=Masc|Number=Plur	_	_	_	@kib1997f-words#@kib1997f#255.453#255.867
253	сейчас	сейчас	ADV	_	Degree=Pos	_	_	_	@kib1997f-words#@kib1997f#255.867#256.281
254	финансово	финансово	ADV	_	Degree=Pos	_	_	_	@kib1997f-words#@kib1997f#256.281#256.374
255	?	?	PUNCT	_	_	_	_	_	@kib1997f-words#@kib1997f#256.374#256.468
256	а	а	CCONJ	_	_	_	_	_	@kib1997f-words#@kib1997f#258.75#258.928
257	ты	ты	PRON	_	Case=Nom|Number=Sing|Person=2	_	_	_	@kib1997f-words#@kib1997f#258.928#259.106
258	спрашивал	спрашивать	VERB	_	Aspect=Imp|Gender=Masc|Mood=Ind|Number=Sing|Tense=Past|VerbForm=Fin|Voice=Act	_	_	_	@kib1997f-words#@kib1997f#259.106#259.284
259	?	?	PUNCT	_	_	_	_	_	@kib1997f-words#@kib1997f#259.284#259.462
260	/	/	PUNCT	_	_	_	_	_	@kib1997f-words#@kib1997f#259.462#259.64
261	предлагал	предлагать	VERB	_	Aspect=Imp|Gender=Masc|Mood=Ind|Number=Sing|Tense=Past|VerbForm=Fin|Voice=Act	_	_	_	@kib1997f-words#@kib1997f#259.64#259.818
262	?	?	PUNCT	_	_	_	_	_	@kib1997f-words#@kib1997f#259.818#260.0
263	ну	ну	PART	_	_	_	_	_	@kib1997f-words#@kib1997f#265.944#266.26
264	просто	просто	PART	_	_	_	_	_	@kib1997f-words#@kib1997f#266.26#266.576
265	знаешь	знать	VERB	_	Aspect=Imp|Mood=Ind|Number=Sing|Person=2|Tense=Pres|VerbForm=Fin|Voice=Act	_	_	_	@kib1997f-words#@kib1997f#266.576#266.892
266	/	/	PUNCT	_	_	_	_	_	@kib1997f-words#@kib1997f#266.892#267.208
267	есть	быть	VERB	_	Aspect=Imp|Mood=Ind|Number=Sing|Person=3|Tense=Pres|VerbForm=Fin|Voice=Act	_	_	_	@kib1997f-words#@kib1997f#267.208#267.524
268	такая	такой	DET	_	Case=Nom|Gender=Fem|Number=Sing	_	_	_	@kib1997f-words#@kib1997f#267.524#267.843
269	не	не	PART	_	_	_	_	_	@kib1997f-words#@kib1997f#267.937#268.14
270	знаю	знать	VERB	_	Aspect=Imp|Mood=Ind|Number=Sing|Person=1|Tense=Pres|VerbForm=Fin|Voice=Act	_	_	_	@kib1997f-words#@kib1997f#268.14#268.343
271	/	/	PUNCT	_	_	_	_	_	@kib1997f-words#@kib1997f#268.343#268.546
272	такое	такой	DET	_	Case=Nom|Gender=Neut|Number=Sing	_	_	_	@kib1997f-words#@kib1997f#268.546#268.749
273	понятие	понятие	NOUN	_	Animacy=Inan|Case=Nom|Gender=Neut|Number=Sing	_	_	_	@kib1997f-words#@kib1997f#268.749#268.952
274	что	что	SCONJ	_	_	_	_	_	@kib1997f-words#@kib1997f#268.952#269.155
275	деньги	деньги	NOUN	_	Animacy=Inan|Case=Nom|Gender=Fem|Number=Plur	_	_	_	@kib1997f-words#@kib1997f#269.155#269.358
276	лишними	лишний	ADJ	_	Case=Ins|Degree=Pos|Number=Plur	_	_	_	@kib1997f-words#@kib1997f#269.358#269.561
277	не	не	PART	_	_	_	_	_	@kib1997f-words#@kib1997f#269.561#269.764
278	бывают	бывать	VERB	_	Aspect=Imp|Mood=Ind|Number=Plur|Person=3|Tense=Pres|VerbForm=Fin|Voice=Act	_	_	_	@kib1997f-words#@kib1997f#269.764#269.968
279	да	да	ADP	_	_	_	_	_	@ap1998m-words#@ap1998m#7.391#7.702
280	это	это	PRON	_	Animacy=Inan|Case=Acc|Gender=Neut|Number=Sing	_	_	_	@ap1998m-words#@ap1998m#9.913#10.33
281	пиздец	пиздец	NOUN	_	Animacy=Inan|Case=Acc|Gender=Masc|Number=Sing	_	_	_	@ap1998m-words#@ap1998m#10.33#10.747
282	и	и	CCONJ	_	_	_	_	_	@ap1998m-words#@ap1998m#10.747#11.164
283	трэш	трэш	NOUN	_	Animacy=Inan|Case=Acc|Gender=Masc|Number=Sing	_	_	_	@ap1998m-words#@ap1998m#11.164#11.581
284	я	я	PRON	_	Case=Nom|Number=Sing|Person=1	_	_	_	@ap1998m-words#@ap1998m#11.813#12.078
285	прожил	прожить	VERB	_	Aspect=Perf|Gender=Masc|Mood=Ind|Number=Sing|Tense=Past|VerbForm=Fin|Voice=Act	_	_	_	@ap1998m-words#@ap1998m#12.078#12.343
286	там	там	ADV	_	Degree=Pos	_	_	_	@ap1998m-words#@ap1998m#12.343#12.608
287	/	/	PUNCT	_	_	_	_	_	@ap1998m-words#@ap1998m#12.608#12.873
288	долгое	долгий	ADJ	_	Case=Acc|Degree=Pos|Gender=Neut|Number=Sing	_	_	_	@ap1998m-words#@ap1998m#12.873#13.138
289	время	время	NOUN	_	Animacy=Inan|Case=Acc|Gender=Neut|Number=Sing	_	_	_	@ap1998m-words#@ap1998m#13.138#13.403
290	то есть	то есть	PART	_	_	_	_	_	@ap1998m-words#@ap1998m#13.403#13.668
291	[нрзб]	[нрзб]	PUNCT	_	_	_	_	_	@ap1998m-words#@ap1998m#13.933#14.198
292	ну	ну	PART	_	_	_	_	_	@ap1998m-words#@ap1998m#14.198#14.463
293	до	до	ADP	_	_	_	_	_	@ap1998m-words#@ap1998m#14.463#14.728
294	одиннадцати	одиннадцать	NUM	_	Case=Gen	_	_	_	@ap1998m-words#@ap1998m#14.728#14.993
295	классов	класс	NOUN	_	Animacy=Inan|Case=Gen|Gender=Masc|Number=Plur	_	_	_	@ap1998m-words#@ap1998m#14.993#15.259
296	и	и	CCONJ	_	_	_	_	_	@ap1998m-words#@ap1998m#15.592#15.932
297	жил	жить	VERB	_	Aspect=Imp|Gender=Masc|Mood=Ind|Number=Sing|Tense=Past|VerbForm=Fin|Voice=Act	_	_	_	@ap1998m-words#@ap1998m#15.932#16.272
298	с	с	ADP	_	_	_	_	_	@ap1998m-words#@ap1998m#16.272#16.612
299	родителями	родитель	NOUN	_	Animacy=Anim|Case=Ins|Gender=Masc|Number=Plur	_	_	_	@ap1998m-words#@ap1998m#16.612#16.952
300	но	но	CCONJ	_	_	_	_	_	@ap1998m-words#@ap1998m#16.952#17.296
301	ээм	ээм	INTJ	_	_	_	_	_	@ap1998m-words#@ap1998m#17.95#18.253
302	/	/	PUNCT	_	_	_	_	_	@ap1998m-words#@ap1998m#18.253#18.556
303	я	я	PRON	_	Case=Nom|Number=Sing|Person=1	_	_	_	@ap1998m-words#@ap1998m#18.556#18.859
304	не	не	PART	_	_	_	_	_	@ap1998m-words#@ap1998m#18.859#19.162
305	могу	мочь	VERB	_	Aspect=Imp|Mood=Ind|Number=Sing|Person=1|Tense=Pres|VerbForm=Fin|Voice=Act	_	_	_	@ap1998m-words#@ap1998m#19.162#19.465
306	сказать	сказать	VERB	_	Aspect=Perf|VerbForm=Inf|Voice=Act	_	_	_	@ap1998m-words#@ap1998m#19.465#19.768
307	что	что	PRON	_	Case=Acc	_	_	_	@ap1998m-words#@ap1998m#19.768#20.071
308	я	я	PRON	_	Case=Nom|Number=Sing|Person=1	_	_	_	@ap1998m-words#@ap1998m#20.071#20.374
309	был	быть	VERB	_	Aspect=Imp|Gender=Masc|Mood=Ind|Number=Sing|Tense=Past|VerbForm=Fin|Voice=Act	_	_	_	@ap1998m-words#@ap1998m#20.374#20.677
310	/	/	PUNCT	_	_	_	_	_	@ap1998m-words#@ap1998m#20.677#20.98
311	вовлечён	вовлечь	VERB	_	Animacy=Inan|Case=Nom|Gender=Masc|Number=Sing	_	_	_	@ap1998m-words#@ap1998m#20.98#21.283
312	в	в	ADP	_	_	_	_	_	@ap1998m-words#@ap1998m#21.283#21.586
313	то	тот	DET	_	Case=Acc|Gender=Neut|Number=Sing	_	_	_	@ap1998m-words#@ap1998m#21.586#21.889
314	/	/	PUNCT	_	_	_	_	_	@ap1998m-words#@ap1998m#21.889#22.192
315	общество	общество	NOUN	_	Animacy=Inan|Case=Acc|Gender=Neut|Number=Sing	_	_	_	@ap1998m-words#@ap1998m#22.192#22.495
316	потому	потому	ADV	_	Degree=Pos	_	_	_	@ap1998m-words#@ap1998m#22.495#22.798
317	что	что	SCONJ	_	_	_	_	_	@ap1998m-words#@ap1998m#22.798#23.101
318	у	у	ADP	_	_	_	_	_	@ap1998m-words#@ap1998m#23.101#23.404
319	меня	я	PRON	_	Case=Gen|Number=Sing|Person=1	_	_	_	@ap1998m-words#@ap1998m#23.404#23.707
320	не	не	PART	_	_	_	_	_	@ap1998m-words#@ap1998m#23.707#24.01
321	было	быть	VERB	_	Aspect=Imp|Gender=Neut|Mood=Ind|Number=Sing|Tense=Past|VerbForm=Fin|Voice=Act	_	_	_	@ap1998m-words#@ap1998m#24.01#24.313
322	там	там	ADV	_	Degree=Pos	_	_	_	@ap1998m-words#@ap1998m#24.313#24.616
323	ни	ни	CCONJ	_	_	_	_	_	@ap1998m-words#@ap1998m#24.616#24.919
324	друзей	друг	NOUN	_	Animacy=Anim|Case=Gen|Gender=Masc|Number=Plur	_	_	_	@ap1998m-words#@ap1998m#24.919#25.222
325	никого	никто	PRON	_	Case=Acc	_	_	_	@ap1998m-words#@ap1998m#25.222#25.525
326	я	я	PRON	_	Case=Nom|Number=Sing|Person=1	_	_	_	@ap1998m-words#@ap1998m#25.525#25.828
327	смотрел	смотреть	VERB	_	Aspect=Imp|Gender=Masc|Mood=Ind|Number=Sing|Tense=Past|VerbForm=Fin|Voice=Act	_	_	_	@ap1998m-words#@ap1998m#25.828#26.131
328	/	/	PUNCT	_	_	_	_	_	@ap1998m-words#@ap1998m#26.131#26.434
329	на	на	ADP	_	_	_	_	_	@ap1998m-words#@ap1998m#26.434#26.737
330	/	/	PUNCT	_	_	_	_	_	@ap1998m-words#@ap1998m#26.737#27.04
331	людей	человек	NOUN	_	Animacy=Anim|Case=Acc|Gender=Masc|Number=Plur	_	_	_	@ap1998m-words#@ap1998m#27.04#27.343
332	вокруг	вокруг	ADV	_	Degree=Pos	_	_	_	@ap1998m-words#@ap1998m#27.343#27.646
333	и	и	PART	_	_	_	_	_	@ap1998m-words#@ap1998m#27.646#27.949
334	понимал	понимать	VERB	_	Aspect=Imp|Gender=Masc|Mood=Ind|Number=Sing|Tense=Past|VerbForm=Fin|Voice=Act	_	_	_	@ap1998m-words#@ap1998m#27.949#28.252
335	/	/	PUNCT	_	_	_	_	_	@ap1998m-words#@ap1998m#28.252#28.555
336	блять	блять	INTJ	_	_	_	_	_	@ap1998m-words#@ap1998m#28.555#28.858
337	это	это	PRON	_	Animacy=Inan|Case=Nom|Gender=Neut|Number=Sing	_	_	_	@ap1998m-words#@ap1998m#28.858#29.161
338	/	/	PUNCT	_	_	_	_	_	@ap1998m-words#@ap1998m#29.161#29.464
339	это	это	PRON	_	Animacy=Inan|Case=Nom|Gender=Neut|Number=Sing	_	_	_	@ap1998m-words#@ap1998m#29.464#29.767
340	не	не	PART	_	_	_	_	_	@ap1998m-words#@ap1998m#29.767#30.07
341	так	так	ADV	_	Degree=Pos	_	_	_	@ap1998m-words#@ap1998m#30.07#30.373
342	как	как	SCONJ	_	_	_	_	_	@ap1998m-words#@ap1998m#30.373#30.676
343	должно	должен	ADJ	_	Degree=Pos|Gender=Neut|Number=Sing|Variant=Short	_	_	_	@ap1998m-words#@ap1998m#30.676#30.979
344	быть	быть	AUX	_	Aspect=Imp|VerbForm=Inf|Voice=Act	_	_	_	@ap1998m-words#@ap1998m#30.979#31.285
345	ии	и	CCONJ	_	_	_	_	_	@ap1998m-words#@ap1998m#31.311#31.376
346	всё	весь	DET	_	Case=Acc|Gender=Neut|Number=Sing	_	_	_	@ap1998m-words#@ap1998m#33.012#33.646
347	менталитет	менталитет	NOUN	_	Animacy=Inan|Case=Acc|Gender=Masc|Number=Sing	_	_	_	@ap1998m-words#@ap1998m#33.646#34.28
348	/	/	PUNCT	_	_	_	_	_	@ap1998m-words#@ap1998m#34.28#34.914
349	ээм	ээм	INTJ	_	_	_	_	_	@ap1998m-words#@ap1998m#34.914#35.548
350	какая-то	какой-то	DET	_	Case=Nom|Gender=Fem|Number=Sing	_	_	_	@ap1998m-words#@ap1998m#35.548#36.182
351	зависть	зависть	NOUN	_	Animacy=Inan|Case=Nom|Gender=Fem|Number=Sing	_	_	_	@ap1998m-words#@ap1998m#36.182#36.816
352	ии	ии	INTJ	_	_	_	_	_	@ap1998m-words#@ap1998m#36.816#37.45
353	мм	мм	INTJ	_	_	_	_	_	@ap1998m-words#@ap1998m#37.45#38.09
354	просто	просто	PART	_	_	_	_	_	@ap1998m-words#@ap1998m#38.373#38.788
355	уродское	уродский	ADJ	_	Case=Nom|Degree=Pos|Gender=Neut|Number=Sing	_	_	_	@ap1998m-words#@ap1998m#38.788#39.203
356	какое-то	какой-то	DET	_	Case=Nom|Gender=Neut|Number=Sing	_	_	_	@ap1998m-words#@ap1998m#39.203#39.618
357	мышление	мышление	NOUN	_	Animacy=Inan|Case=Nom|Gender=Neut|Number=Sing	_	_	_	@ap1998m-words#@ap1998m#39.618#40.033
358	/	/	PUNCT	_	_	_	_	_	@ap1998m-words#@ap1998m#40.033#40.448
359	быдло	быдло	NOUN	_	Animacy=Anim|Case=Nom|Gender=Neut|Number=Sing	_	_	_	@ap1998m-words#@ap1998m#40.448#40.863
360	вокруг	вокруг	ADP	_	_	_	_	_	@ap1998m-words#@ap1998m#40.863#41.278
361	м	м	INTJ	_	_	_	_	_	@ap1998m-words#@ap1998m#41.278#41.693
362	я	я	PRON	_	Case=Nom|Number=Sing|Person=1	_	_	_	@ap1998m-words#@ap1998m#41.693#42.108
363	тогда	тогда	ADV	_	Degree=Pos	_	_	_	@ap1998m-words#@ap1998m#42.108#42.523
364	понимал	понимать	VERB	_	Aspect=Imp|Gender=Masc|Mood=Ind|Number=Sing|Tense=Past|VerbForm=Fin|Voice=Act	_	_	_	@ap1998m-words#@ap1998m#42.523#42.94
365	что	что	PRON	_	Case=Acc	_	_	_	@ap1998m-words#@ap1998m#43.641#43.907
366	это	это	PRON	_	Animacy=Inan|Case=Acc|Gender=Neut|Number=Sing	_	_	_	@ap1998m-words#@ap1998m#43.907#44.173
367	полный	полный	ADJ	_	Case=Nom|Degree=Pos|Gender=Masc|Number=Sing	_	_	_	@ap1998m-words#@ap1998m#44.173#44.439
368	пиздец	пиздец	NOUN	_	Animacy=Inan|Case=Nom|Gender=Masc|Number=Sing	_	_	_	@ap1998m-words#@ap1998m#44.439#44.705
369	наверное	наверное	ADV	_	Degree=Pos	_	_	_	@ap1998m-words#@ap1998m#44.705#44.971
370	класса	класс	NOUN	_	Animacy=Inan|Case=Gen|Gender=Masc|Number=Sing	_	_	_	@ap1998m-words#@ap1998m#44.971#45.237
371	с	с	ADP	_	_	_	_	_	@ap1998m-words#@ap1998m#45.237#45.503
372	пятого	пятого	ADJ	_	Case=Gen|Degree=Pos|Gender=Masc|Number=Sing	_	_	_	@ap1998m-words#@ap1998m#45.503#45.769
373	может	мочь	VERB	_	Aspect=Imp|Mood=Ind|Number=Sing|Person=3|Tense=Pres|VerbForm=Fin|Voice=Act	_	_	_	@ap1998m-words#@ap1998m#45.769#46.035
374	быть	быть	VERB	_	Aspect=Imp|VerbForm=Inf|Voice=Act	_	_	_	@ap1998m-words#@ap1998m#46.035#46.301
375	/	/	PUNCT	_	_	_	_	_	@ap1998m-words#@ap1998m#46.301#46.567
376	я	я	PRON	_	Case=Nom|Number=Sing|Person=1	_	_	_	@ap1998m-words#@ap1998m#46.567#46.833
377	там	там	ADV	_	Degree=Pos	_	_	_	@ap1998m-words#@ap1998m#46.833#47.099
378	жил	жить	VERB	_	Aspect=Imp|Gender=Masc|Mood=Ind|Number=Sing|Tense=Past|VerbForm=Fin|Voice=Act	_	_	_	@ap1998m-words#@ap1998m#47.099#47.365
379	как	как	SCONJ	_	_	_	_	_	@ap1998m-words#@ap1998m#47.365#47.631
380	у	у	ADP	_	_	_	_	_	@ap1998m-words#@ap1998m#47.631#47.897
381	моих	мой	DET	_	Case=Gen|Number=Plur	_	_	_	@ap1998m-words#@ap1998m#47.897#48.163
382	родителей	родитель	NOUN	_	Animacy=Anim|Case=Gen|Gender=Masc|Number=Plur	_	_	_	@ap1998m-words#@ap1998m#48.163#48.429
383	дом	дом	NOUN	_	Animacy=Inan|Case=Nom|Gender=Masc|Number=Sing	_	_	_	@ap1998m-words#@ap1998m#48.429#48.701
384	ээ	ээ	INTJ	_	_	_	_	_	@ap1998m-words#@ap1998m#49.074#49.536
385	/	/	PUNCT	_	_	_	_	_	@ap1998m-words#@ap1998m#49.536#49.998
386	двухэтажный	двухэтажный	ADJ	_	Case=Nom|Degree=Pos|Gender=Masc|Number=Sing	_	_	_	@ap1998m-words#@ap1998m#49.998#50.462
387	и	и	CCONJ	_	_	_	_	_	@ap1998m-words#@ap1998m#50.85#51.151
388	вокруг	вокруг	ADP	_	_	_	_	_	@ap1998m-words#@ap1998m#51.151#51.452
389	дома	дом	NOUN	_	Animacy=Inan|Case=Gen|Gender=Masc|Number=Sing	_	_	_	@ap1998m-words#@ap1998m#51.452#51.753
390	блять	блять	INTJ	_	_	_	_	_	@ap1998m-words#@ap1998m#51.753#52.054
391	кирпичный	кирпичный	ADJ	_	Animacy=Inan|Case=Acc|Degree=Pos|Gender=Masc|Number=Sing	_	_	_	@ap1998m-words#@ap1998m#52.054#52.355
392	забор	забор	NOUN	_	Animacy=Inan|Case=Acc|Gender=Masc|Number=Sing	_	_	_	@ap1998m-words#@ap1998m#52.355#52.656
393	высокий	высокий	ADJ	_	Animacy=Inan|Case=Acc|Degree=Pos|Gender=Masc|Number=Sing	_	_	_	@ap1998m-words#@ap1998m#52.656#52.957
394	/	/	PUNCT	_	_	_	_	_	@ap1998m-words#@ap1998m#52.957#53.258
395	и	и	CCONJ	_	_	_	_	_	@ap1998m-words#@ap1998m#53.258#53.559
396	вот	вот	PART	_	_	_	_	_	@ap1998m-words#@ap1998m#53.559#53.86
397	в	в	ADP	_	_	_	_	_	@ap1998m-words#@ap1998m#53.86#54.161
398	этих	этот	DET	_	Case=Loc|Number=Plur	_	_	_	@ap1998m-words#@ap1998m#54.161#54.462
399	э	э	INTJ	_	_	_	_	_	@ap1998m-words#@ap1998m#54.473#55.058
400	/	/	PUNCT	_	_	_	_	_	@ap1998m-words#@ap1998m#55.058#55.643
401	условиях	условие	NOUN	_	Animacy=Inan|Case=Loc|Gender=Neut|Number=Plur	_	_	_	@ap1998m-words#@ap1998m#55.643#56.228
402	э	э	INTJ	_	_	_	_	_	@ap1998m-words#@ap1998m#56.684#56.953
403	в	в	ADP	_	_	_	_	_	@ap1998m-words#@ap1998m#56.953#57.222
404	знаешь	знать	VERB	_	Aspect=Imp|Mood=Ind|Number=Sing|Person=2|Tense=Pres|VerbForm=Fin|Voice=Act	_	_	_	@ap1998m-words#@ap1998m#57.222#57.491
405	как	как	SCONJ	_	_	_	_	_	@ap1998m-words#@ap1998m#57.491#57.76
406	островок	островок	NOUN	_	Animacy=Inan|Case=Acc|Gender=Masc|Number=Sing	_	_	_	@ap1998m-words#@ap1998m#57.76#58.029
407	вот	вот	PART	_	_	_	_	_	@ap1998m-words#@ap1998m#58.029#58.298
408	/	/	PUNCT	_	_	_	_	_	@ap1998m-words#@ap1998m#58.298#58.567
409	ээ	ээ	INTJ	_	_	_	_	_	@ap1998m-words#@ap1998m#58.567#58.836
410	/	/	PUNCT	_	_	_	_	_	@ap1998m-words#@ap1998m#58.836#59.105
411	в	в	ADP	_	_	_	_	_	@ap1998m-words#@ap1998m#59.105#59.374
412	этом	этот	DET	_	Case=Loc|Gender=Masc|Number=Sing	_	_	_	@ap1998m-words#@ap1998m#59.374#59.643
413	говне	говно	NOUN	_	Animacy=Inan|Case=Loc|Gender=Neut|Number=Sing	_	_	_	@ap1998m-words#@ap1998m#59.643#59.912
414	/	/	PUNCT	_	_	_	_	_	@ap1998m-words#@ap1998m#59.912#60.181
415	я	я	PRON	_	Case=Nom|Number=Sing|Person=1	_	_	_	@ap1998m-words#@ap1998m#60.181#60.45
416	/	/	PUNCT	_	_	_	_	_	@ap1998m-words#@ap1998m#60.45#60.719
417	жил	жить	VERB	_	Aspect=Imp|Gender=Masc|Mood=Ind|Number=Sing|Tense=Past|VerbForm=Fin|Voice=Act	_	_	_	@ap1998m-words#@ap1998m#60.719#60.988
418	/	/	PUNCT	_	_	_	_	_	@ap1998m-words#@ap1998m#60.988#61.257
419	там	там	ADV	_	Degree=Pos	_	_	_	@ap1998m-words#@ap1998m#61.257#61.526
420	/	/	PUNCT	_	_	_	_	_	@ap1998m-words#@ap1998m#61.526#61.795
421	на	на	ADP	_	_	_	_	_	@ap1998m-words#@ap1998m#61.795#62.064
422	этом	этот	DET	_	Case=Loc|Gender=Masc|Number=Sing	_	_	_	@ap1998m-words#@ap1998m#62.064#62.333
423	островке	островок	NOUN	_	Animacy=Inan|Case=Loc|Gender=Masc|Number=Sing	_	_	_	@ap1998m-words#@ap1998m#62.333#62.602
424	/	/	PUNCT	_	_	_	_	_	@ap1998m-words#@ap1998m#62.602#62.871
425	и	и	CCONJ	_	_	_	_	_	@ap1998m-words#@ap1998m#62.871#63.14
426	ни	ни	PART	_	_	_	_	_	@ap1998m-words#@ap1998m#63.14#63.409
427	с	с	ADP	_	_	_	_	_	@ap1998m-words#@ap1998m#63.409#63.678
428	кем	кто	PRON	_	Case=Ins	_	_	_	@ap1998m-words#@ap1998m#63.678#63.947
429	не	не	PART	_	_	_	_	_	@ap1998m-words#@ap1998m#63.947#64.216
430	общался	общаться	VERB	_	Aspect=Imp|Gender=Masc|Mood=Ind|Number=Sing|Tense=Past|VerbForm=Fin|Voice=Mid	_	_	_	@ap1998m-words#@ap1998m#64.216#64.485
431	/	/	PUNCT	_	_	_	_	_	@ap1998m-words#@ap1998m#64.485#64.754
432	ни	ни	CCONJ	_	_	_	_	_	@ap1998m-words#@ap1998m#64.754#65.023
433	с	с	ADP	_	_	_	_	_	@ap1998m-words#@ap1998m#65.023#65.292
434	кем	кто	PRON	_	Case=Ins	_	_	_	@ap1998m-words#@ap1998m#65.292#65.561
435	не	не	PART	_	_	_	_	_	@ap1998m-words#@ap1998m#65.561#65.83
436	поддерживал	поддерживать	VERB	_	Aspect=Imp|Gender=Masc|Mood=Ind|Number=Sing|Tense=Past|VerbForm=Fin|Voice=Act	_	_	_	@ap1998m-words#@ap1998m#65.83#66.099
437	связь	связь	NOUN	_	Animacy=Inan|Case=Acc|Gender=Fem|Number=Sing	_	_	_	@ap1998m-words#@ap1998m#66.099#66.368
438	у	у	ADP	_	_	_	_	_	@ap1998m-words#@ap1998m#66.368#66.637
439	меня	я	PRON	_	Case=Gen|Number=Sing|Person=1	_	_	_	@ap1998m-words#@ap1998m#66.637#66.906
440	была	быть	VERB	_	Aspect=Imp|Gender=Fem|Mood=Ind|Number=Sing|Tense=Past|VerbForm=Fin|Voice=Act	_	_	_	@ap1998m-words#@ap1998m#66.906#67.175
441	одна	один	DET	_	Case=Nom|Degree=Pos|Gender=Fem|Number=Sing	_	_	_	@ap1998m-words#@ap1998m#67.175#67.444
442	единственная	единственный	ADJ	_	Case=Nom|Degree=Pos|Gender=Fem|Number=Sing	_	_	_	@ap1998m-words#@ap1998m#67.444#67.713
443	подруга	подруга	NOUN	_	Animacy=Anim|Case=Nom|Gender=Fem|Number=Sing	_	_	_	@ap1998m-words#@ap1998m#67.713#67.982
444	и	и	CCONJ	_	_	_	_	_	@ap1998m-words#@ap1998m#67.982#68.251
445	всё	весь	DET	_	Case=Acc|Gender=Neut|Number=Sing	_	_	_	@ap1998m-words#@ap1998m#68.251#68.561
446	ии	и	CCONJ	_	_	_	_	_	@ap1998m-words#@ap1998m#69.157#69.517
447	там	там	ADV	_	Degree=Pos	_	_	_	@ap1998m-words#@ap1998m#69.517#69.877
448	/	/	PUNCT	_	_	_	_	_	@ap1998m-words#@ap1998m#69.877#70.237
449	я	я	PRON	_	Case=Nom|Number=Sing|Person=1	_	_	_	@ap1998m-words#@ap1998m#70.237#70.597
450	провёл	провести	VERB	_	Aspect=Perf|Gender=Masc|Mood=Ind|Number=Sing|Tense=Past|VerbForm=Fin|Voice=Act	_	_	_	@ap1998m-words#@ap1998m#70.597#70.957
451	своё	свой	DET	_	Case=Acc|Gender=Neut|Number=Sing	_	_	_	@ap1998m-words#@ap1998m#70.957#71.317
452	время	время	NOUN	_	Animacy=Inan|Case=Acc|Gender=Neut|Number=Sing	_	_	_	@ap1998m-words#@ap1998m#71.317#71.677
453	и	и	CCONJ	_	_	_	_	_	@ap1998m-words#@ap1998m#71.677#72.037
454	единственное	единственный	ADJ	_	Case=Acc|Degree=Pos|Gender=Neut|Number=Sing	_	_	_	@ap1998m-words#@ap1998m#72.037#72.397
455	куда	куда	ADV	_	Degree=Pos	_	_	_	@ap1998m-words#@ap1998m#72.397#72.757
456	я	я	PRON	_	Case=Nom|Number=Sing|Person=1	_	_	_	@ap1998m-words#@ap1998m#72.757#73.117
457	выходил	выходить	VERB	_	Aspect=Imp|Gender=Masc|Mood=Ind|Number=Sing|Tense=Past|VerbForm=Fin|Voice=Act	_	_	_	@ap1998m-words#@ap1998m#73.117#73.477
458	это	это	PRON	_	Animacy=Inan|Case=Acc|Gender=Neut|Number=Sing	_	_	_	@ap1998m-words#@ap1998m#73.477#73.837
459	в	в	ADP	_	_	_	_	_	@ap1998m-words#@ap1998m#73.837#74.197
460	интернет	интернет	NOUN	_	Animacy=Inan|Case=Acc|Gender=Masc|Number=Sing	_	_	_	@ap1998m-words#@ap1998m#74.197#74.557
461	вот	вот	PART	_	_	_	_	_	@ap1998m-words#@ap1998m#74.557#74.917
462	я	я	PRON	_	Case=Nom|Number=Sing|Person=1	_	_	_	@ap1998m-words#@ap1998m#74.917#75.277
463	/	/	PUNCT	_	_	_	_	_	@ap1998m-words#@ap1998m#75.277#75.637
464	всё	весь	PRON	_	Animacy=Inan|Case=Acc|Gender=Neut|Number=Sing	_	_	_	@ap1998m-words#@ap1998m#75.637#75.997
465	своё	свой	DET	_	Case=Acc|Gender=Neut|Number=Sing	_	_	_	@ap1998m-words#@ap1998m#75.997#76.368
466	юношество	юношество	NOUN	_	Animacy=Inan|Case=Acc|Gender=Neut|Number=Sing	_	_	_	@ap1998m-words#@ap1998m#77.0#77.403
467	провёл	провести	VERB	_	Aspect=Perf|Gender=Masc|Mood=Ind|Number=Sing|Tense=Past|VerbForm=Fin|Voice=Act	_	_	_	@ap1998m-words#@ap1998m#77.403#77.806
468	просто	просто	PART	_	_	_	_	_	@ap1998m-words#@ap1998m#77.806#78.209
469	/	/	PUNCT	_	_	_	_	_	@ap1998m-words#@ap1998m#78.209#78.612
470	в	в	ADP	_	_	_	_	_	@ap1998m-words#@ap1998m#78.612#79.015
471	интернете	интернет	NOUN	_	Animacy=Inan|Case=Loc|Gender=Masc|Number=Sing	_	_	_	@ap1998m-words#@ap1998m#79.015#79.421
472	я	я	PRON	_	Case=Nom|Number=Sing|Person=1	_	_	_	@ap1998m-words#@ap1998m#82.245#82.539
473	его	он	PRON	_	Case=Acc|Gender=Masc|Number=Sing|Person=3	_	_	_	@ap1998m-words#@ap1998m#82.539#82.833
474	не	не	PART	_	_	_	_	_	@ap1998m-words#@ap1998m#82.833#83.127
475	называю	называть	VERB	_	Aspect=Imp|Mood=Ind|Number=Sing|Person=1|Tense=Pres|VerbForm=Fin|Voice=Act	_	_	_	@ap1998m-words#@ap1998m#83.127#83.421
476	зн...	зн...	X	_	_	_	_	_	@ap1998m-words#@ap1998m#83.421#83.715
477	по	по	ADP	_	_	_	_	_	@ap1998m-words#@ap1998m#83.715#84.009
478	причине	причина	NOUN	_	Animacy=Inan|Case=Dat|Gender=Fem|Number=Sing	_	_	_	@ap1998m-words#@ap1998m#84.009#84.303
479	того	то	PRON	_	Animacy=Inan|Case=Gen|Gender=Neut|Number=Sing	_	_	_	@ap1998m-words#@ap1998m#84.303#84.597
480	что	что	SCONJ	_	_	_	_	_	@ap1998m-words#@ap1998m#84.597#84.891
481	у	у	ADP	_	_	_	_	_	@ap1998m-words#@ap1998m#84.891#85.185
482	меня	я	PRON	_	Case=Gen|Number=Sing|Person=1	_	_	_	@ap1998m-words#@ap1998m#85.185#85.479
483	просто	просто	PART	_	_	_	_	_	@ap1998m-words#@ap1998m#85.479#85.773
484	там	там	ADV	_	Degree=Pos	_	_	_	@ap1998m-words#@ap1998m#85.773#86.067
485	живут	жить	VERB	_	Aspect=Imp|Mood=Ind|Number=Plur|Person=3|Tense=Pres|VerbForm=Fin|Voice=Act	_	_	_	@ap1998m-words#@ap1998m#86.067#86.361
486	родители	родитель	NOUN	_	Animacy=Anim|Case=Nom|Gender=Masc|Number=Plur	_	_	_	@ap1998m-words#@ap1998m#86.361#86.655
487	/	/	PUNCT	_	_	_	_	_	@ap1998m-words#@ap1998m#86.655#86.949
488	родственники	родственник	NOUN	_	Animacy=Anim|Case=Nom|Gender=Masc|Number=Plur	_	_	_	@ap1998m-words#@ap1998m#86.949#87.243
489	ну	ну	PART	_	_	_	_	_	@ap1998m-words#@ap1998m#87.243#87.537
490	как	как	ADV	_	Degree=Pos	_	_	_	@ap1998m-words#@ap1998m#87.537#87.831
491	бы	бы	PART	_	_	_	_	_	@ap1998m-words#@ap1998m#87.831#88.125
492	/	/	PUNCT	_	_	_	_	_	@ap1998m-words#@ap1998m#88.125#88.419
493	зачем	зачем	ADV	_	Degree=Pos	_	_	_	@ap1998m-words#@ap1998m#88.419#88.713
494	лишнее	лишний	ADJ	_	Case=Acc|Degree=Pos|Gender=Neut|Number=Sing	_	_	_	@ap1998m-words#@ap1998m#88.713#89.007
495	вот	вот	PART	_	_	_	_	_	@ap1998m-words#@ap1998m#89.007#89.301
496	это	этот	DET	_	Case=Nom|Gender=Neut|Number=Sing	_	_	_	@ap1998m-words#@ap1998m#89.301#89.614
497	внимание	внимание	NOUN	_	Animacy=Inan|Case=Nom|Gender=Neut|Number=Sing	_	_	_	@ap1998m-words#@ap1998m#89.684#90.011
498	к	к	ADP	_	_	_	_	_	@ap1998m-words#@ap1998m#90.011#90.338
499	ним	они	PRON	_	Case=Dat|Number=Plur|Person=3	_	_	_	@ap1998m-words#@ap1998m#90.338#90.666
500	нуу	ну	INTJ	_	_	_	_	_	@ap1998m-words#@ap1998m#95.929#96.248
501	/	/	PUNCT	_	_	_	_	_	@ap1998m-words#@ap1998m#96.248#96.567
502	всё	все	PRON	_	Animacy=Inan|Case=Nom|Gender=Neut|Number=Sing	_	_	_	@ap1998m-words#@ap1998m#96.567#96.886
503	может	мочь	VERB	_	Aspect=Imp|Mood=Ind|Number=Sing|Person=3|Tense=Pres|VerbForm=Fin|Voice=Act	_	_	_	@ap1998m-words#@ap1998m#96.886#97.205
504	быть	быть	AUX	_	Aspect=Imp|VerbForm=Inf|Voice=Act	_	_	_	@ap1998m-words#@ap1998m#97.205#97.526
505	только	только	PART	_	_	_	_	_	@ap1998m-words#@ap1998m#98.017#98.356
506	из	из	ADP	_	_	_	_	_	@ap1998m-words#@ap1998m#98.356#98.695
507	этих	этот	DET	_	Case=Gen|Number=Plur	_	_	_	@ap1998m-words#@ap1998m#98.695#99.034
508	целей	цель	NOUN	_	Animacy=Inan|Case=Gen|Gender=Fem|Number=Plur	_	_	_	@ap1998m-words#@ap1998m#99.034#99.373
509	не	не	PART	_	_	_	_	_	@ap1998m-words#@ap1998m#99.373#99.712
510	говорю	говорить	VERB	_	Aspect=Imp|Mood=Ind|Number=Sing|Person=1|Tense=Pres|VerbForm=Fin|Voice=Act	_	_	_	@ap1998m-words#@ap1998m#99.712#100.052
511	ну	ну	PART	_	_	_	_	_	@ap1998m-words#@ap1998m#107.361#107.747
512	читал	читать	VERB	_	Aspect=Imp|Gender=Masc|Mood=Ind|Number=Sing|Tense=Past|VerbForm=Fin|Voice=Act	_	_	_	@ap1998m-words#@ap1998m#107.747#108.133
513	всякие	всякий	DET	_	Case=Acc|Number=Plur	_	_	_	@ap1998m-words#@ap1998m#108.133#108.521
514	статейки	статейка	NOUN	_	Animacy=Inan|Case=Acc|Gender=Fem|Number=Plur	_	_	_	@ap1998m-words#@ap1998m#108.565#109.079
515	интересные	интересный	ADJ	_	Animacy=Inan|Case=Acc|Degree=Pos|Number=Plur	_	_	_	@ap1998m-words#@ap1998m#109.079#109.593
516	/	/	PUNCT	_	_	_	_	_	@ap1998m-words#@ap1998m#109.593#110.107
517	ээм	ээм	INTJ	_	_	_	_	_	@ap1998m-words#@ap1998m#110.107#110.621
518	/	/	PUNCT	_	_	_	_	_	@ap1998m-words#@ap1998m#110.621#111.135
519	потом	потом	ADV	_	Degree=Pos	_	_	_	@ap1998m-words#@ap1998m#111.135#111.649
520	/	/	PUNCT	_	_	_	_	_	@ap1998m-words#@ap1998m#111.649#112.163
521	делал	делать	VERB	_	Aspect=Imp|Gender=Masc|Mood=Ind|Number=Sing|Tense=Past|VerbForm=Fin|Voice=Act	_	_	_	@ap1998m-words#@ap1998m#112.163#112.677
522	какие-то	какой-то	DET	_	Case=Acc|Number=Plur	_	_	_	@ap1998m-words#@ap1998m#112.677#113.191
523	паблики	паблик	NOUN	_	Animacy=Inan|Case=Acc|Gender=Masc|Number=Plur	_	_	_	@ap1998m-words#@ap1998m#113.191#113.705
524	/	/	PUNCT	_	_	_	_	_	@ap1998m-words#@ap1998m#113.705#114.219
525	вконтакте	вконтакте	PROPN	_	Animacy=Inan|Case=Loc|Number=Sing	_	_	_	@ap1998m-words#@ap1998m#114.219#114.739
526	ну	ну	PART	_	_	_	_	_	@ap1998m-words#@ap1998m#115.065#115.371
527	всякие	всякий	DET	_	Case=Nom|Number=Plur	_	_	_	@ap1998m-words#@ap1998m#115.371#115.677
528	знаешь	знать	VERB	_	Aspect=Imp|Mood=Ind|Number=Sing|Person=2|Tense=Pres|VerbForm=Fin|Voice=Act	_	_	_	@ap1998m-words#@ap1998m#115.677#115.983
529	/	/	PUNCT	_	_	_	_	_	@ap1998m-words#@ap1998m#115.983#116.289
530	посты	пост	NOUN	_	Animacy=Inan|Case=Acc|Gender=Masc|Number=Plur	_	_	_	@ap1998m-words#@ap1998m#116.289#116.595
531	которые	который	PRON	_	Case=Acc	_	_	_	@ap1998m-words#@ap1998m#116.595#116.901
532	постят	постить	VERB	_	Aspect=Perf|Mood=Ind|Number=Plur|Person=3|Tense=Fut|VerbForm=Fin|Voice=Act	_	_	_	@ap1998m-words#@ap1998m#116.901#117.207
533	там	там	ADV	_	Degree=Pos	_	_	_	@ap1998m-words#@ap1998m#117.207#117.513
534	/	/	PUNCT	_	_	_	_	_	@ap1998m-words#@ap1998m#117.513#117.819
535	с	с	ADP	_	_	_	_	_	@ap1998m-words#@ap1998m#117.819#118.125
536	прикольными	прикольный	ADJ	_	Case=Ins|Degree=Pos|Number=Plur	_	_	_	@ap1998m-words#@ap1998m#118.125#118.431
537	картинками	картинка	NOUN	_	Animacy=Inan|Case=Ins|Gender=Fem|Number=Plur	_	_	_	@ap1998m-words#@ap1998m#118.431#118.747
538	со	с	ADP	_	_	_	_	_	@ap1998m-words#@ap1998m#118.747#119.105
539	статьями	статья	NOUN	_	Animacy=Inan|Case=Ins|Gender=Fem|Number=Plur	_	_	_	@ap1998m-words#@ap1998m#119.105#119.463
540	со	с	ADP	_	_	_	_	_	@ap1998m-words#@ap1998m#119.8#120.392
541	статьями	статья	NOUN	_	Animacy=Inan|Case=Ins|Gender=Fem|Number=Plur	_	_	_	@ap1998m-words#@ap1998m#120.392#120.984
542	/	/	PUNCT	_	_	_	_	_	@ap1998m-words#@ap1998m#120.984#121.576
543	интересными	интересный	ADJ	_	Case=Ins|Degree=Pos|Number=Plur	_	_	_	@ap1998m-words#@ap1998m#121.576#122.168
544	и	и	CCONJ	_	_	_	_	_	@ap1998m-words#@ap1998m#122.715#123.036
545	вот	вот	PART	_	_	_	_	_	@ap1998m-words#@ap1998m#123.036#123.357
546	я	я	PRON	_	Case=Nom|Number=Sing|Person=1	_	_	_	@ap1998m-words#@ap1998m#123.357#123.678
547	/	/	PUNCT	_	_	_	_	_	@ap1998m-words#@ap1998m#123.678#123.999
548	этим	это	PRON	_	Animacy=Inan|Case=Ins|Gender=Neut|Number=Sing	_	_	_	@ap1998m-words#@ap1998m#123.999#124.32
549	всем	все	PRON	_	Animacy=Anim|Case=Dat|Number=Plur	_	_	_	@ap1998m-words#@ap1998m#124.32#124.641
550	занимался	заниматься	VERB	_	Aspect=Imp|Gender=Masc|Mood=Ind|Number=Sing|Tense=Past|VerbForm=Fin|Voice=Mid	_	_	_	@ap1998m-words#@ap1998m#124.641#124.962
551	ии	и	CCONJ	_	_	_	_	_	@ap1998m-words#@ap1998m#124.962#125.283
552	/	/	PUNCT	_	_	_	_	_	@ap1998m-words#@ap1998m#125.283#125.604
553	уже	уже	ADV	_	Degree=Pos	_	_	_	@ap1998m-words#@ap1998m#125.604#125.925
554	тогда	тогда	ADV	_	Degree=Pos	_	_	_	@ap1998m-words#@ap1998m#125.925#126.246
555	мечтал	мечтать	VERB	_	Aspect=Imp|Gender=Masc|Mood=Ind|Number=Sing|Tense=Past|VerbForm=Fin|Voice=Act	_	_	_	@ap1998m-words#@ap1998m#126.246#126.567
556	о	о	ADP	_	_	_	_	_	@ap1998m-words#@ap1998m#126.567#126.888
557	каком-то	какой-то	DET	_	Case=Loc|Gender=Masc|Number=Sing	_	_	_	@ap1998m-words#@ap1998m#126.888#127.209
558	/	/	PUNCT	_	_	_	_	_	@ap1998m-words#@ap1998m#127.209#127.53
559	ээ	ээ	INTJ	_	_	_	_	_	@ap1998m-words#@ap1998m#127.53#127.851
560	/	/	PUNCT	_	_	_	_	_	@ap1998m-words#@ap1998m#127.851#128.172
561	какой-то	какой-то	DET	_	Case=Dat|Gender=Fem|Number=Sing	_	_	_	@ap1998m-words#@ap1998m#128.172#128.493
562	[нрзб]	[нрзб]	PUNCT	_	_	_	_	_	@ap1998m-words#@ap1998m#128.493#128.814
563	платформе	платформа	NOUN	_	Animacy=Inan|Case=Dat|Gender=Fem|Number=Sing	_	_	_	@ap1998m-words#@ap1998m#128.814#129.135
564	/	/	PUNCT	_	_	_	_	_	@ap1998m-words#@ap1998m#129.135#129.456
565	где	где	ADV	_	Degree=Pos	_	_	_	@ap1998m-words#@ap1998m#129.456#129.777
566	буду	быть	AUX	_	Aspect=Imp|Mood=Ind|Number=Sing|Person=1|Tense=Pres|VerbForm=Fin|Voice=Act	_	_	_	@ap1998m-words#@ap1998m#129.777#130.098
567	самовыражаться	самовыражаться	VERB	_	Aspect=Imp|VerbForm=Inf|Voice=Mid	_	_	_	@ap1998m-words#@ap1998m#130.098#130.431
568	играл	играть	VERB	_	Aspect=Imp|Gender=Masc|Mood=Ind|Number=Sing|Tense=Past|VerbForm=Fin|Voice=Act	_	_	_	@ap1998m-words#@ap1998m#130.953#131.263
569	в	в	ADP	_	_	_	_	_	@ap1998m-words#@ap1998m#131.263#131.573
570	компьютерные	компьютерный	ADJ	_	Animacy=Inan|Case=Acc|Degree=Pos|Number=Plur	_	_	_	@ap1998m-words#@ap1998m#131.573#131.883
571	игры	игра	NOUN	_	Animacy=Inan|Case=Acc|Gender=Fem|Number=Plur	_	_	_	@ap1998m-words#@ap1998m#131.883#132.193
572	/	/	PUNCT	_	_	_	_	_	@ap1998m-words#@ap1998m#132.193#132.503
573	вот	вот	PART	_	_	_	_	_	@ap1998m-words#@ap1998m#132.503#132.813
574	/	/	PUNCT	_	_	_	_	_	@ap1998m-words#@ap1998m#132.813#133.123
575	то есть	то есть	PART	_	_	_	_	_	@ap1998m-words#@ap1998m#133.123#133.433
576	я	я	PRON	_	Case=Nom|Number=Sing|Person=1	_	_	_	@ap1998m-words#@ap1998m#133.743#134.053
577	просто	просто	PART	_	_	_	_	_	@ap1998m-words#@ap1998m#134.053#134.363
578	доживал	доживать	VERB	_	Aspect=Imp|Gender=Masc|Mood=Ind|Number=Sing|Tense=Past|VerbForm=Fin|Voice=Act	_	_	_	@ap1998m-words#@ap1998m#134.363#134.674
579	ээ	ээ	NOUN	_	Animacy=Inan|Case=Gen|Gender=Fem|Number=Sing	_	_	_	@ap1998m-words#@ap1998m#135.116#135.517
580	/	/	PUNCT	_	_	_	_	_	@ap1998m-words#@ap1998m#135.517#135.918
581	то	тот	DET	_	Case=Acc|Gender=Neut|Number=Sing	_	_	_	@ap1998m-words#@ap1998m#135.918#136.319
582	время	время	NOUN	_	Animacy=Inan|Case=Acc|Gender=Neut|Number=Sing	_	_	_	@ap1998m-words#@ap1998m#136.319#136.72
583	доживал	доживать	VERB	_	Aspect=Imp|Gender=Masc|Mood=Ind|Number=Sing|Tense=Past|VerbForm=Fin|Voice=Act	_	_	_	@ap1998m-words#@ap1998m#137.488#137.753
584	до	до	ADP	_	_	_	_	_	@ap1998m-words#@ap1998m#137.753#138.018
585	того	тот	DET	_	Case=Gen|Gender=Masc|Number=Sing	_	_	_	@ap1998m-words#@ap1998m#138.018#138.283
586	момента	момент	NOUN	_	Animacy=Inan|Case=Gen|Gender=Masc|Number=Sing	_	_	_	@ap1998m-words#@ap1998m#138.283#138.548
587	/	/	PUNCT	_	_	_	_	_	@ap1998m-words#@ap1998m#138.548#138.813
588	когда	когда	SCONJ	_	_	_	_	_	@ap1998m-words#@ap1998m#138.813#139.078
589	я	я	PRON	_	Case=Nom|Number=Sing|Person=1	_	_	_	@ap1998m-words#@ap1998m#139.078#139.343
590	просто	просто	PART	_	_	_	_	_	@ap1998m-words#@ap1998m#139.343#139.608
591	/	/	PUNCT	_	_	_	_	_	@ap1998m-words#@ap1998m#139.608#139.873
592	оттуда	оттуда	ADV	_	Degree=Pos	_	_	_	@ap1998m-words#@ap1998m#139.873#140.138
593	/	/	PUNCT	_	_	_	_	_	@ap1998m-words#@ap1998m#140.138#140.403
594	уеду	уехать	VERB	_	Aspect=Perf|Mood=Ind|Number=Sing|Person=1|Tense=Fut|VerbForm=Fin|Voice=Act	_	_	_	@ap1998m-words#@ap1998m#140.403#140.674
595	конечно	конечно	ADV	_	Degree=Pos	_	_	_	@ap1998m-words#@ap1998m#143.714#144.298
596	конечно	конечно	ADV	_	Degree=Pos	_	_	_	@ap1998m-words#@ap1998m#144.313#144.645
597	угу	угу	INTJ	_	_	_	_	_	@ap1998m-words#@ap1998m#147.76#148.24
598	сразу	сразу	ADV	_	Degree=Pos	_	_	_	@ap1998m-words#@ap1998m#149.0#149.52
599	хотел	хотеть	VERB	_	Aspect=Imp|Gender=Masc|Mood=Ind|Number=Sing|Tense=Past|VerbForm=Fin|Voice=Act	_	_	_	@ap1998m-words#@ap1998m#154.0#154.44
600	просто	просто	PART	_	_	_	_	_	@ap1998m-words#@ap1998m#154.44#154.88
601	нормально	нормально	ADV	_	Degree=Pos	_	_	_	@ap1998m-words#@ap1998m#154.88#155.32
602	жить	жить	VERB	_	Aspect=Imp|VerbForm=Inf|Voice=Act	_	_	_	@ap1998m-words#@ap1998m#155.32#155.76
603	/	/	PUNCT	_	_	_	_	_	@ap1998m-words#@ap1998m#155.76#156.2
604	нормальной	нормальный	ADJ	_	Case=Ins|Degree=Pos|Gender=Fem|Number=Sing	_	_	_	@ap1998m-words#@ap1998m#156.2#156.64
605	жизнью	жизнь	NOUN	_	Animacy=Inan|Case=Ins|Gender=Fem|Number=Sing	_	_	_	@ap1998m-words#@ap1998m#156.64#157.08
606	/	/	PUNCT	_	_	_	_	_	@ap1998m-words#@ap1998m#157.08#157.52
607	общаться	общаться	VERB	_	Aspect=Imp|VerbForm=Inf|Voice=Mid	_	_	_	@ap1998m-words#@ap1998m#157.52#157.96
608	с	с	ADP	_	_	_	_	_	@ap1998m-words#@ap1998m#157.96#158.4
609	нормальными	нормальный	ADJ	_	Case=Ins|Degree=Pos|Number=Plur	_	_	_	@ap1998m-words#@ap1998m#158.4#158.84
610	людьми	человек	NOUN	_	Animacy=Anim|Case=Ins|Gender=Masc|Number=Plur	_	_	_	@ap1998m-words#@ap1998m#158.84#159.28
611	ии	и	INTJ	_	_	_	_	_	@ap1998m-words#@ap1998m#159.48#159.773
612	/	/	PUNCT	_	_	_	_	_	@ap1998m-words#@ap1998m#159.773#160.066
613	жить	жить	VERB	_	Aspect=Imp|VerbForm=Inf|Voice=Act	_	_	_	@ap1998m-words#@ap1998m#160.066#160.359
614	в	в	ADP	_	_	_	_	_	@ap1998m-words#@ap1998m#160.359#160.652
615	нормальных	нормальный	ADJ	_	Case=Loc|Degree=Pos|Number=Plur	_	_	_	@ap1998m-words#@ap1998m#160.652#160.945
616	условиях	условие	NOUN	_	Animacy=Inan|Case=Loc|Gender=Neut|Number=Plur	_	_	_	@ap1998m-words#@ap1998m#160.945#161.24
617	с	с	ADP	_	_	_	_	_	@ap1998m-words#@ap1998m#173.96#174.46
618	адекватными	адекватный	ADJ	_	Case=Ins|Degree=Pos|Number=Plur	_	_	_	@ap1998m-words#@ap1998m#174.46#174.96
619	я	я	PRON	_	Case=Nom|Number=Sing|Person=1	_	_	_	@ap1998m-words#@ap1998m#184.364#184.823
620	я	я	PRON	_	Case=Nom|Number=Sing|Person=1	_	_	_	@ap1998m-words#@ap1998m#185.8#186.1
621	считаю	считать	VERB	_	Aspect=Imp|Mood=Ind|Number=Sing|Person=1|Tense=Pres|VerbForm=Fin|Voice=Act	_	_	_	@ap1998m-words#@ap1998m#186.1#186.4
622	эту	этот	DET	_	Case=Acc|Gender=Fem|Number=Sing	_	_	_	@ap1998m-words#@ap1998m#186.4#186.7
623	позицию	позиция	NOUN	_	Animacy=Inan|Case=Acc|Gender=Fem|Number=Sing	_	_	_	@ap1998m-words#@ap1998m#186.7#187.0
624	/	/	PUNCT	_	_	_	_	_	@ap1998m-words#@ap1998m#187.0#187.3
625	абсолютно	абсолютно	ADV	_	Degree=Pos	_	_	_	@ap1998m-words#@ap1998m#187.3#187.6
626	бредовой	бредовый	ADJ	_	Case=Nom|Degree=Pos|Gender=Masc|Number=Sing	_	_	_	@ap1998m-words#@ap1998m#187.6#187.9
627	/	/	PUNCT	_	_	_	_	_	@ap1998m-words#@ap1998m#187.9#188.2
628	честно	честно	ADV	_	Degree=Pos	_	_	_	@ap1998m-words#@ap1998m#188.2#188.5
629	говоря	говорить	VERB	_	Aspect=Imp|Tense=Pres|VerbForm=Conv|Voice=Act	_	_	_	@ap1998m-words#@ap1998m#188.5#188.8
630	что	что	PRON	_	Case=Acc	_	_	_	@ap1998m-words#@ap1998m#189.28#189.536
631	значит	значить	VERB	_	Aspect=Imp|Mood=Ind|Number=Sing|Person=3|Tense=Pres|VerbForm=Fin|Voice=Act	_	_	_	@ap1998m-words#@ap1998m#189.536#189.792
632	/	/	PUNCT	_	_	_	_	_	@ap1998m-words#@ap1998m#189.792#190.048
633	э	э	INTJ	_	_	_	_	_	@ap1998m-words#@ap1998m#190.048#190.304
634	не	не	PART	_	_	_	_	_	@ap1998m-words#@ap1998m#190.304#190.56
635	было	быть	VERB	_	Aspect=Imp|Gender=Neut|Mood=Ind|Number=Sing|Tense=Past|VerbForm=Fin|Voice=Act	_	_	_	@ap1998m-words#@ap1998m#190.56#190.816
636	денег	деньги	NOUN	_	Animacy=Inan|Case=Gen|Gender=Fem|Number=Plur	_	_	_	@ap1998m-words#@ap1998m#190.816#191.072
637	/	/	PUNCT	_	_	_	_	_	@ap1998m-words#@ap1998m#191.072#191.328
638	я	я	PRON	_	Case=Nom|Number=Sing|Person=1	_	_	_	@ap1998m-words#@ap1998m#191.328#191.584
639	вообще	вообще	ADV	_	Degree=Pos	_	_	_	@ap1998m-words#@ap1998m#191.584#191.84
640	не	не	PART	_	_	_	_	_	@ap1998m-words#@ap1998m#191.84#192.096
641	из	из	ADP	_	_	_	_	_	@ap1998m-words#@ap1998m#192.096#192.352
642	той	тот	DET	_	Case=Gen|Gender=Fem|Number=Sing	_	_	_	@ap1998m-words#@ap1998m#192.352#192.608
643	семьи	семья	NOUN	_	Animacy=Inan|Case=Gen|Gender=Fem|Number=Sing	_	_	_	@ap1998m-words#@ap1998m#192.608#192.864
644	/	/	PUNCT	_	_	_	_	_	@ap1998m-words#@ap1998m#192.864#193.12
645	где	где	ADV	_	Degree=Pos	_	_	_	@ap1998m-words#@ap1998m#193.12#193.376
646	/	/	PUNCT	_	_	_	_	_	@ap1998m-words#@ap1998m#193.376#193.632
647	там	там	ADV	_	Degree=Pos	_	_	_	@ap1998m-words#@ap1998m#193.632#193.888
648	/	/	PUNCT	_	_	_	_	_	@ap1998m-words#@ap1998m#193.888#194.144
649	мы	мы	PRON	_	Case=Nom|Number=Plur|Person=1	_	_	_	@ap1998m-words#@ap1998m#194.144#194.4
650	доедали	доедать	VERB	_	Aspect=Imp|Mood=Ind|Number=Plur|Tense=Past|VerbForm=Fin|Voice=Act	_	_	_	@ap1998m-words#@ap1998m#194.4#194.656
651	последнюю	последний	ADJ	_	Case=Acc|Degree=Pos|Gender=Fem|Number=Sing	_	_	_	@ap1998m-words#@ap1998m#194.656#194.912
652	/	/	PUNCT	_	_	_	_	_	@ap1998m-words#@ap1998m#194.912#195.168
653	ээ	ээ	INTJ	_	_	_	_	_	@ap1998m-words#@ap1998m#195.168#195.424
654	/	/	PUNCT	_	_	_	_	_	@ap1998m-words#@ap1998m#195.424#195.68
655	эту	этот	DET	_	Case=Acc|Gender=Fem|Number=Sing	_	_	_	@ap1998m-words#@ap1998m#195.68#195.936
656	картошку	картошка	NOUN	_	Animacy=Inan|Case=Acc|Gender=Fem|Number=Sing	_	_	_	@ap1998m-words#@ap1998m#195.936#196.192
657	/	/	PUNCT	_	_	_	_	_	@ap1998m-words#@ap1998m#196.192#196.448
658	и	и	CCONJ	_	_	_	_	_	@ap1998m-words#@ap1998m#196.448#196.704
659	у	у	ADP	_	_	_	_	_	@ap1998m-words#@ap1998m#196.704#196.96
660	нас	мы	PRON	_	Case=Gen|Number=Plur|Person=1	_	_	_	@ap1998m-words#@ap1998m#196.96#197.216
661	ничего	ничто	PRON	_	Case=Gen	_	_	_	@ap1998m-words#@ap1998m#197.216#197.472
662	не	не	PART	_	_	_	_	_	@ap1998m-words#@ap1998m#197.472#197.728
663	было	быть	VERB	_	Aspect=Imp|Gender=Neut|Mood=Ind|Number=Sing|Tense=Past|VerbForm=Fin|Voice=Act	_	_	_	@ap1998m-words#@ap1998m#197.728#198.0
664	у	у	ADP	_	_	_	_	_	@ap1998m-words#@ap1998m#198.32#198.606
665	меня	я	PRON	_	Case=Gen|Number=Sing|Person=1	_	_	_	@ap1998m-words#@ap1998m#198.606#198.892
666	семья	семья	NOUN	_	Animacy=Inan|Case=Nom|Gender=Fem|Number=Sing	_	_	_	@ap1998m-words#@ap1998m#198.892#199.178
667	в	в	ADP	_	_	_	_	_	@ap1998m-words#@ap1998m#199.178#199.464
668	моём	мой	DET	_	Case=Loc|Gender=Neut|Number=Sing	_	_	_	@ap1998m-words#@ap1998m#199.464#199.75
669	городе	город	NOUN	_	Animacy=Inan|Case=Loc|Gender=Masc|Number=Sing	_	_	_	@ap1998m-words#@ap1998m#199.75#200.036
670	достаточно	достаточно	ADV	_	Degree=Pos	_	_	_	@ap1998m-words#@ap1998m#200.036#200.322
671	обеспеченная	обеспеченный	ADJ	_	Case=Nom|Degree=Pos|Gender=Fem|Number=Sing	_	_	_	@ap1998m-words#@ap1998m#200.322#200.608
672	и	и	CCONJ	_	_	_	_	_	@ap1998m-words#@ap1998m#200.608#200.894
673	/	/	PUNCT	_	_	_	_	_	@ap1998m-words#@ap1998m#200.894#201.18
674	мы	мы	PRON	_	Case=Nom|Number=Plur|Person=1	_	_	_	@ap1998m-words#@ap1998m#201.18#201.466
675	всегда	всегда	ADV	_	Degree=Pos	_	_	_	@ap1998m-words#@ap1998m#201.466#201.752
676	/	/	PUNCT	_	_	_	_	_	@ap1998m-words#@ap1998m#201.752#202.038
677	то есть	то есть	PART	_	_	_	_	_	@ap1998m-words#@ap1998m#202.038#202.324
678	я	я	PRON	_	Case=Nom|Number=Sing|Person=1	_	_	_	@ap1998m-words#@ap1998m#202.61#202.896
679	один	один	DET	_	Case=Nom|Degree=Pos|Gender=Masc|Number=Sing	_	_	_	@ap1998m-words#@ap1998m#202.896#203.182
680	единственный	единственный	ADJ	_	Case=Nom|Degree=Pos|Gender=Masc|Number=Sing	_	_	_	@ap1998m-words#@ap1998m#203.182#203.48
681	ездил	ездить	VERB	_	Aspect=Imp|Gender=Masc|Mood=Ind|Number=Sing|Tense=Past|VerbForm=Fin|Voice=Act	_	_	_	@ap1998m-words#@ap1998m#203.72#204.026
682	в	в	ADP	_	_	_	_	_	@ap1998m-words#@ap1998m#204.026#204.332
683	школу	школа	NOUN	_	Animacy=Inan|Case=Acc|Gender=Fem|Number=Sing	_	_	_	@ap1998m-words#@ap1998m#204.332#204.638
684	/	/	PUNCT	_	_	_	_	_	@ap1998m-words#@ap1998m#204.638#204.944
685	наа	на	ADP	_	_	_	_	_	@ap1998m-words#@ap1998m#204.944#205.25
686	машине	машина	NOUN	_	Animacy=Inan|Case=Loc|Gender=Fem|Number=Sing	_	_	_	@ap1998m-words#@ap1998m#205.25#205.556
687	/	/	PUNCT	_	_	_	_	_	@ap1998m-words#@ap1998m#205.556#205.862
688	на	на	ADP	_	_	_	_	_	@ap1998m-words#@ap1998m#205.862#206.168
689	хорошей	хороший	ADJ	_	Case=Loc|Degree=Pos|Gender=Fem|Number=Sing	_	_	_	@ap1998m-words#@ap1998m#206.168#206.474
690	/	/	PUNCT	_	_	_	_	_	@ap1998m-words#@ap1998m#206.474#206.78
691	меня	я	PRON	_	Case=Acc|Number=Sing|Person=1	_	_	_	@ap1998m-words#@ap1998m#206.78#207.086
692	подвозили	подвозить	VERB	_	Aspect=Perf|Mood=Ind|Number=Plur|Tense=Past|VerbForm=Fin|Voice=Act	_	_	_	@ap1998m-words#@ap1998m#207.086#207.4
693	ии	и	CCONJ	_	_	_	_	_	@ap1998m-words#@ap1998m#208.04#208.333
694	/	/	PUNCT	_	_	_	_	_	@ap1998m-words#@ap1998m#208.333#208.626
695	э	э	INTJ	_	_	_	_	_	@ap1998m-words#@ap1998m#208.626#208.919
696	/	/	PUNCT	_	_	_	_	_	@ap1998m-words#@ap1998m#208.919#209.212
697	я	я	PRON	_	Case=Nom|Number=Sing|Person=1	_	_	_	@ap1998m-words#@ap1998m#209.212#209.505
698	единственный	единственный	ADJ	_	Case=Nom|Degree=Pos|Gender=Masc|Number=Sing	_	_	_	@ap1998m-words#@ap1998m#209.505#209.798
699	там	там	ADV	_	Degree=Pos	_	_	_	@ap1998m-words#@ap1998m#209.798#210.091
700	жил	жить	VERB	_	Aspect=Imp|Gender=Masc|Mood=Ind|Number=Sing|Tense=Past|VerbForm=Fin|Voice=Act	_	_	_	@ap1998m-words#@ap1998m#210.091#210.384
701	в	в	ADP	_	_	_	_	_	@ap1998m-words#@ap1998m#210.384#210.677
702	доме	дом	NOUN	_	Animacy=Inan|Case=Loc|Gender=Masc|Number=Sing	_	_	_	@ap1998m-words#@ap1998m#210.677#210.97
703	/	/	PUNCT	_	_	_	_	_	@ap1998m-words#@ap1998m#210.97#211.263
704	в	в	ADP	_	_	_	_	_	@ap1998m-words#@ap1998m#211.263#211.556
705	хорошем	хороший	ADJ	_	Case=Loc|Degree=Pos|Gender=Neut|Number=Sing	_	_	_	@ap1998m-words#@ap1998m#211.556#211.849
706	со	с	ADP	_	_	_	_	_	@ap1998m-words#@ap1998m#211.849#212.142
707	своей	свой	DET	_	Case=Ins|Gender=Fem|Number=Sing	_	_	_	@ap1998m-words#@ap1998m#212.142#212.435
708	спальней	спальня	NOUN	_	Animacy=Inan|Case=Ins|Gender=Fem|Number=Sing	_	_	_	@ap1998m-words#@ap1998m#212.435#212.728
709	/	/	PUNCT	_	_	_	_	_	@ap1998m-words#@ap1998m#212.728#213.021
710	то есть	то есть	PART	_	_	_	_	_	@ap1998m-words#@ap1998m#213.021#213.314
711	/	/	PUNCT	_	_	_	_	_	@ap1998m-words#@ap1998m#213.607#213.9
712	в	в	ADP	_	_	_	_	_	@ap1998m-words#@ap1998m#213.9#214.193
713	плане	план	NOUN	_	Animacy=Inan|Case=Loc|Gender=Masc|Number=Sing	_	_	_	@ap1998m-words#@ap1998m#214.193#214.486
714	/	/	PUNCT	_	_	_	_	_	@ap1998m-words#@ap1998m#214.486#214.779
715	ну	ну	PART	_	_	_	_	_	@ap1998m-words#@ap1998m#214.779#215.072
716	/	/	PUNCT	_	_	_	_	_	@ap1998m-words#@ap1998m#215.072#215.365
717	обеспечения	обеспечение	NOUN	_	Animacy=Inan|Case=Gen|Gender=Neut|Number=Sing	_	_	_	@ap1998m-words#@ap1998m#215.365#215.658
718	меня	я	PRON	_	Case=Acc|Number=Sing|Person=1	_	_	_	@ap1998m-words#@ap1998m#215.658#215.951
719	как	как	SCONJ	_	_	_	_	_	@ap1998m-words#@ap1998m#215.951#216.244
720	ребёнка	ребенок	NOUN	_	Animacy=Inan|Case=Nom|Gender=Fem|Number=Sing	_	_	_	@ap1998m-words#@ap1998m#216.244#216.537
721	/	/	PUNCT	_	_	_	_	_	@ap1998m-words#@ap1998m#216.537#216.83
722	меня	я	PRON	_	Case=Acc|Number=Sing|Person=1	_	_	_	@ap1998m-words#@ap1998m#216.83#217.123
723	обеспечивали	обеспечивать	VERB	_	Aspect=Imp|Mood=Ind|Number=Plur|Tense=Past|VerbForm=Fin|Voice=Act	_	_	_	@ap1998m-words#@ap1998m#217.123#217.44
724	всем	весь	PRON	_	Animacy=Anim|Case=Dat|Number=Plur	_	_	_	@ap1998m-words#@ap1998m#217.44#217.704
725	чем	что	SCONJ	_	_	_	_	_	@ap1998m-words#@ap1998m#217.704#217.968
726	мне	я	PRON	_	Case=Dat|Number=Sing|Person=1	_	_	_	@ap1998m-words#@ap1998m#217.968#218.232
727	нужно	нужный	ADJ	_	Degree=Pos|Gender=Neut|Number=Sing|Variant=Short	_	_	_	@ap1998m-words#@ap1998m#218.232#218.496
728	/	/	PUNCT	_	_	_	_	_	@ap1998m-words#@ap1998m#218.496#218.76
729	там	там	ADV	_	Degree=Pos	_	_	_	@ap1998m-words#@ap1998m#218.76#219.024
730	одежду	одежда	NOUN	_	Animacy=Inan|Case=Acc|Gender=Fem|Number=Sing	_	_	_	@ap1998m-words#@ap1998m#219.024#219.288
731	покупали	покупать	VERB	_	Aspect=Imp|Mood=Ind|Number=Plur|Tense=Past|VerbForm=Fin|Voice=Act	_	_	_	@ap1998m-words#@ap1998m#219.288#219.552
732	и	и	PART	_	_	_	_	_	@ap1998m-words#@ap1998m#219.552#219.816
733	прочее	прочий	ADJ	_	Case=Acc|Degree=Pos|Gender=Neut|Number=Sing	_	_	_	@ap1998m-words#@ap1998m#219.816#220.08
734	ии	и	CCONJ	_	_	_	_	_	@ap1998m-words#@ap1998m#220.36#220.632
735	я	я	PRON	_	Case=Nom|Number=Sing|Person=1	_	_	_	@ap1998m-words#@ap1998m#220.632#220.904
736	не	не	PART	_	_	_	_	_	@ap1998m-words#@ap1998m#220.904#221.176
737	скажу	сказать	VERB	_	Aspect=Perf|Mood=Ind|Number=Sing|Person=1|Tense=Fut|VerbForm=Fin|Voice=Act	_	_	_	@ap1998m-words#@ap1998m#221.176#221.448
738	что	что	PRON	_	Case=Acc	_	_	_	@ap1998m-words#@ap1998m#221.448#221.72
739	я	я	PRON	_	Case=Nom|Number=Sing|Person=1	_	_	_	@ap1998m-words#@ap1998m#221.72#221.992
740	нуждался	нуждаться	VERB	_	Aspect=Imp|Gender=Masc|Mood=Ind|Number=Sing|Tense=Past|VerbForm=Fin|Voice=Mid	_	_	_	@ap1998m-words#@ap1998m#221.992#222.264
741	в	в	ADP	_	_	_	_	_	@ap1998m-words#@ap1998m#222.264#222.536
742	каких-то	какой-то	DET	_	Case=Acc|Number=Plur	_	_	_	@ap1998m-words#@ap1998m#222.536#222.808
743	там	там	ADV	_	Degree=Pos	_	_	_	@ap1998m-words#@ap1998m#222.808#223.08
744	ну	ну	PART	_	_	_	_	_	@ap1998m-words#@ap1998m#223.96#224.306
745	/	/	PUNCT	_	_	_	_	_	@ap1998m-words#@ap1998m#224.306#224.652
746	вещах	вещь	NOUN	_	Animacy=Inan|Case=Loc|Gender=Fem|Number=Plur	_	_	_	@ap1998m-words#@ap1998m#224.652#225.0
747	я	я	PRON	_	Case=Nom|Number=Sing|Person=1	_	_	_	@ap1998m-words#@ap1998m#225.64#225.965
748	даже	даже	PART	_	_	_	_	_	@ap1998m-words#@ap1998m#225.965#226.29
749	про	про	ADP	_	_	_	_	_	@ap1998m-words#@ap1998m#226.29#226.615
750	бренды	бренд	NOUN	_	Animacy=Inan|Case=Acc|Gender=Masc|Number=Plur	_	_	_	@ap1998m-words#@ap1998m#226.615#226.94
751	тогда	тогда	ADV	_	Degree=Pos	_	_	_	@ap1998m-words#@ap1998m#226.94#227.265
752	ну	ну	PART	_	_	_	_	_	@ap1998m-words#@ap1998m#227.265#227.59
753	брендами	бренд	NOUN	_	Animacy=Inan|Case=Ins|Gender=Masc|Number=Plur	_	_	_	@ap1998m-words#@ap1998m#227.59#227.915
754	не	не	PART	_	_	_	_	_	@ap1998m-words#@ap1998m#227.915#228.24
755	увлекался	увлекаться	VERB	_	Aspect=Imp|Gender=Masc|Mood=Ind|Number=Sing|Tense=Past|VerbForm=Fin|Voice=Mid	_	_	_	@ap1998m-words#@ap1998m#228.24#228.565
756	ничё	ничего	PRON	_	Animacy=Inan|Case=Acc|Gender=Neut|Number=Sing	_	_	_	@ap1998m-words#@ap1998m#228.565#228.89
757	не	не	PART	_	_	_	_	_	@ap1998m-words#@ap1998m#228.89#229.215
758	знал	знать	VERB	_	Aspect=Imp|Gender=Masc|Mood=Ind|Number=Sing|Tense=Past|VerbForm=Fin|Voice=Act	_	_	_	@ap1998m-words#@ap1998m#229.215#229.54
759	/	/	PUNCT	_	_	_	_	_	@ap1998m-words#@ap1998m#229.54#229.865
760	поэтому	поэтому	ADV	_	Degree=Pos	_	_	_	@ap1998m-words#@ap1998m#229.865#230.2
761	я	я	PRON	_	Case=Nom|Number=Sing|Person=1	_	_	_	@ap1998m-words#@ap1998m#231.09#231.405
762	не	не	PART	_	_	_	_	_	@ap1998m-words#@ap1998m#231.405#231.72
763	был	быть	VERB	_	Aspect=Imp|Gender=Masc|Mood=Ind|Number=Sing|Tense=Past|VerbForm=Fin|Voice=Act	_	_	_	@ap1998m-words#@ap1998m#231.72#232.035
764	/	/	PUNCT	_	_	_	_	_	@ap1998m-words#@ap1998m#232.035#232.35
765	из	из	ADP	_	_	_	_	_	@ap1998m-words#@ap1998m#232.35#232.665
766	тех	тот	DET	_	Case=Gen|Number=Plur	_	_	_	@ap1998m-words#@ap1998m#232.665#232.98
767	кто	кто	PRON	_	Case=Nom	_	_	_	@ap1998m-words#@ap1998m#232.98#233.295
768	/	/	PUNCT	_	_	_	_	_	@ap1998m-words#@ap1998m#233.295#233.61
769	ээ	ээ	INTJ	_	_	_	_	_	@ap1998m-words#@ap1998m#233.61#233.925
770	/	/	PUNCT	_	_	_	_	_	@ap1998m-words#@ap1998m#233.925#234.24
771	смотрит	смотреть	VERB	_	Aspect=Imp|Mood=Ind|Number=Sing|Person=3|Tense=Pres|VerbForm=Fin|Voice=Act	_	_	_	@ap1998m-words#@ap1998m#234.24#234.555
772	на	на	ADP	_	_	_	_	_	@ap1998m-words#@ap1998m#234.555#234.88
773	более	более	ADV	_	Degree=Cmp	_	_	_	@ap1998m-words#@ap1998m#235.673#235.966
774	богатых	богатый	ADJ	_	Case=Gen|Degree=Pos|Number=Plur	_	_	_	@ap1998m-words#@ap1998m#235.966#236.259
775	/	/	PUNCT	_	_	_	_	_	@ap1998m-words#@ap1998m#236.259#236.552
776	детей	ребенок	NOUN	_	Animacy=Anim|Case=Gen|Gender=Masc|Number=Plur	_	_	_	@ap1998m-words#@ap1998m#236.552#236.845
777	/	/	PUNCT	_	_	_	_	_	@ap1998m-words#@ap1998m#236.845#237.138
778	и	и	CCONJ	_	_	_	_	_	@ap1998m-words#@ap1998m#237.138#237.431
779	типа	типа	PART	_	_	_	_	_	@ap1998m-words#@ap1998m#237.431#237.724
780	им	они	PRON	_	Case=Dat|Number=Plur|Person=3	_	_	_	@ap1998m-words#@ap1998m#237.724#238.017
781	завидует	завидовать	VERB	_	Aspect=Imp|Mood=Ind|Number=Sing|Person=3|Tense=Pres|VerbForm=Fin|Voice=Act	_	_	_	@ap1998m-words#@ap1998m#238.017#238.31
782	потому	потому	ADV	_	Degree=Pos	_	_	_	@ap1998m-words#@ap1998m#238.31#238.603
783	что	что	SCONJ	_	_	_	_	_	@ap1998m-words#@ap1998m#238.603#238.896
784	таких	такой	DET	_	Case=Gen|Number=Plur	_	_	_	@ap1998m-words#@ap1998m#238.896#239.189
785	/	/	PUNCT	_	_	_	_	_	@ap1998m-words#@ap1998m#239.189#239.482
786	в	в	ADP	_	_	_	_	_	@ap1998m-words#@ap1998m#239.482#239.775
787	моём	мой	DET	_	Case=Loc|Gender=Neut|Number=Sing	_	_	_	@ap1998m-words#@ap1998m#239.775#240.068
788	окружении	окружение	NOUN	_	Animacy=Inan|Case=Loc|Gender=Neut|Number=Sing	_	_	_	@ap1998m-words#@ap1998m#240.068#240.361
789	вообще	вообще	ADV	_	Degree=Pos	_	_	_	@ap1998m-words#@ap1998m#240.361#240.654
790	в	в	ADP	_	_	_	_	_	@ap1998m-words#@ap1998m#240.654#240.947
791	принципе	принцип	NOUN	_	Animacy=Inan|Case=Loc|Gender=Masc|Number=Sing	_	_	_	@ap1998m-words#@ap1998m#240.947#241.24
792	не	не	PART	_	_	_	_	_	@ap1998m-words#@ap1998m#241.24#241.533
793	было	быть	VERB	_	Aspect=Imp|Gender=Neut|Mood=Ind|Number=Sing|Tense=Past|VerbForm=Fin|Voice=Act	_	_	_	@ap1998m-words#@ap1998m#241.533#241.826
794	#смеется#	#смеется#	X	_	_	_	_	_	@ap1998m-words#@ap1998m#242.543#243.051
795	ну	ну	PART	_	_	_	_	_	@ap1998m-words#@ap1998m#243.051#243.559
796	/	/	PUNCT	_	_	_	_	_	@ap1998m-words#@ap1998m#243.559#244.067
797	не	не	PART	_	_	_	_	_	@ap1998m-words#@ap1998m#244.067#244.575
798	моя	мой	DET	_	Case=Nom|Gender=Fem|Number=Sing	_	_	_	@ap1998m-words#@ap1998m#244.575#245.083
799	семья	семья	NOUN	_	Animacy=Inan|Case=Nom|Gender=Fem|Number=Sing	_	_	_	@ap1998m-words#@ap1998m#245.083#245.591
800	/	/	PUNCT	_	_	_	_	_	@ap1998m-words#@ap1998m#245.591#246.099
801	среднес...	среднестатистический	ADJ	_	Case=Nom|Degree=Pos|Gender=Fem|Number=Sing	_	_	_	@ap1998m-words#@ap1998m#246.099#246.607
802	/	/	PUNCT	_	_	_	_	_	@ap1998m-words#@ap1998m#246.607#247.115
803	статистическая	статистический	ADJ	_	Case=Nom|Degree=Pos|Gender=Fem|Number=Sing	_	_	_	@ap1998m-words#@ap1998m#247.115#247.63
804	то	то	PRON	_	Animacy=Inan|Case=Nom|Gender=Neut|Number=Sing	_	_	_	@ap1998m-words#@ap1998m#247.673#247.965
805	есть	быть	VERB	_	Aspect=Imp|Mood=Ind|Number=Sing|Person=3|Tense=Pres|VerbForm=Fin|Voice=Act	_	_	_	@ap1998m-words#@ap1998m#247.965#248.257
806	/	/	PUNCT	_	_	_	_	_	@ap1998m-words#@ap1998m#248.257#248.549
807	м	м	INTJ	_	_	_	_	_	@ap1998m-words#@ap1998m#248.549#248.841
808	/	/	PUNCT	_	_	_	_	_	@ap1998m-words#@ap1998m#248.841#249.133
809	они	они	PRON	_	Case=Nom|Number=Plur|Person=3	_	_	_	@ap1998m-words#@ap1998m#249.133#249.425
810	достаточно	достаточно	ADV	_	Degree=Pos	_	_	_	@ap1998m-words#@ap1998m#249.425#249.717
811	/	/	PUNCT	_	_	_	_	_	@ap1998m-words#@ap1998m#249.717#250.009
812	неплохо	неплохо	ADV	_	Degree=Pos	_	_	_	@ap1998m-words#@ap1998m#250.009#250.301
813	зарабатывают	зарабатывать	VERB	_	Aspect=Imp|Mood=Ind|Number=Plur|Person=3|Tense=Pres|VerbForm=Fin|Voice=Act	_	_	_	@ap1998m-words#@ap1998m#250.301#250.593
814	/	/	PUNCT	_	_	_	_	_	@ap1998m-words#@ap1998m#250.593#250.885
815	но	но	CCONJ	_	_	_	_	_	@ap1998m-words#@ap1998m#250.885#251.177
816	/	/	PUNCT	_	_	_	_	_	@ap1998m-words#@ap1998m#251.177#251.469
817	они	они	PRON	_	Case=Nom|Number=Plur|Person=3	_	_	_	@ap1998m-words#@ap1998m#251.469#251.761
818	/	/	PUNCT	_	_	_	_	_	@ap1998m-words#@ap1998m#251.761#252.053
819	не	не	PART	_	_	_	_	_	@ap1998m-words#@ap1998m#252.053#252.345
820	богаты	богатый	ADJ	_	Degree=Pos|Number=Plur|Variant=Short	_	_	_	@ap1998m-words#@ap1998m#252.345#252.637
821	но	но	CCONJ	_	_	_	_	_	@ap1998m-words#@ap1998m#252.637#252.929
822	и	и	PART	_	_	_	_	_	@ap1998m-words#@ap1998m#252.929#253.221
823	не	не	PART	_	_	_	_	_	@ap1998m-words#@ap1998m#253.221#253.513
824	бедные	бедный	ADJ	_	Case=Nom|Degree=Pos|Number=Plur	_	_	_	@ap1998m-words#@ap1998m#253.513#253.805
825	/	/	PUNCT	_	_	_	_	_	@ap1998m-words#@ap1998m#253.805#254.097
826	поэтому	поэтому	ADV	_	Degree=Pos	_	_	_	@ap1998m-words#@ap1998m#254.097#254.391
827	они	они	PRON	_	Case=Nom|Number=Plur|Person=3	_	_	_	@ap1998m-words#@ap1998m#256.347#256.725
828	не	не	PART	_	_	_	_	_	@ap1998m-words#@ap1998m#256.725#257.103
829	нуждаются	нуждаться	VERB	_	Aspect=Imp|Mood=Ind|Number=Plur|Person=3|Tense=Pres|VerbForm=Fin|Voice=Mid	_	_	_	@ap1998m-words#@ap1998m#257.103#257.481
830	в	в	ADP	_	_	_	_	_	@ap1998m-words#@ap1998m#257.481#257.859
831	помощи	помощь	NOUN	_	Animacy=Inan|Case=Loc|Gender=Fem|Number=Sing	_	_	_	@ap1998m-words#@ap1998m#257.859#258.239
832	#смеется#	#смеется#	X	_	_	_	_	_	@ap1998m-words#@ap1998m#259.195#259.509
833	нет	нет	INTJ	_	_	_	_	_	@ap1998m-words#@ap1998m#259.509#259.823
834	нуу	ну	PART	_	_	_	_	_	@ap1998m-words#@ap1998m#259.823#260.137
835	/	/	PUNCT	_	_	_	_	_	@ap1998m-words#@ap1998m#260.137#260.451
836	когда	когда	SCONJ	_	_	_	_	_	@ap1998m-words#@ap1998m#260.451#260.765
837	они	они	PRON	_	Case=Nom|Number=Plur|Person=3	_	_	_	@ap1998m-words#@ap1998m#260.765#261.079
838	попросят	просить	VERB	_	Aspect=Perf|Mood=Ind|Number=Plur|Person=3|Tense=Fut|VerbForm=Fin|Voice=Act	_	_	_	@ap1998m-words#@ap1998m#261.079#261.393
839	/	/	PUNCT	_	_	_	_	_	@ap1998m-words#@ap1998m#261.393#261.707
840	я	я	PRON	_	Case=Nom|Number=Sing|Person=1	_	_	_	@ap1998m-words#@ap1998m#261.707#262.021
841	конечно	конечно	ADV	_	Degree=Pos	_	_	_	@ap1998m-words#@ap1998m#262.021#262.335
842	/	/	PUNCT	_	_	_	_	_	@ap1998m-words#@ap1998m#262.335#262.649
843	помогу	помогать	VERB	_	Aspect=Imp|Mood=Ind|Number=Sing|Person=1|Tense=Fut|VerbForm=Fin|Voice=Act	_	_	_	@ap1998m-words#@ap1998m#262.649#262.963
844	вообще	вообще	ADV	_	Degree=Pos	_	_	_	@ap1998m-words#@ap1998m#262.963#263.277
845	без	без	ADP	_	_	_	_	_	@ap1998m-words#@ap1998m#263.277#263.591
846	проблем	проблема	NOUN	_	Animacy=Inan|Case=Gen|Gender=Fem|Number=Plur	_	_	_	@ap1998m-words#@ap1998m#263.591#263.905
847	/	/	PUNCT	_	_	_	_	_	@ap1998m-words#@ap1998m#263.905#264.219
848	но	но	CCONJ	_	_	_	_	_	@ap1998m-words#@ap1998m#264.219#264.533
849	пока	пока	ADV	_	Degree=Pos	_	_	_	@ap1998m-words#@ap1998m#264.533#264.847
850	меня	я	PRON	_	Case=Acc|Number=Sing|Person=1	_	_	_	@ap1998m-words#@ap1998m#264.847#265.161
851	не	не	PART	_	_	_	_	_	@ap1998m-words#@ap1998m#265.161#265.475
852	спрашивают	спрашивать	VERB	_	Aspect=Imp|Mood=Ind|Number=Plur|Person=3|Tense=Pres|VerbForm=Fin|Voice=Act	_	_	_	@ap1998m-words#@ap1998m#265.475#265.804
853	ну	ну	PART	_	_	_	_	_	@ap1998m-words#@ap1998m#270.347#270.605
854	/	/	PUNCT	_	_	_	_	_	@ap1998m-words#@ap1998m#270.605#270.863
855	есть	быть	VERB	_	Aspect=Imp|Mood=Ind|Number=Sing|Person=3|Tense=Pres|VerbForm=Fin|Voice=Act	_	_	_	@ap1998m-words#@ap1998m#270.863#271.121
856	ещё	еще	ADV	_	Degree=Pos	_	_	_	@ap1998m-words#@ap1998m#271.121#271.379
857	такое	такой	DET	_	Case=Nom|Gender=Neut|Number=Sing	_	_	_	@ap1998m-words#@ap1998m#271.379#271.637
858	понятие	понятие	NOUN	_	Animacy=Inan|Case=Nom|Gender=Neut|Number=Sing	_	_	_	@ap1998m-words#@ap1998m#271.637#271.895
859	что	что	SCONJ	_	_	_	_	_	@ap1998m-words#@ap1998m#271.895#272.153
860	/	/	PUNCT	_	_	_	_	_	@ap1998m-words#@ap1998m#272.153#272.411
861	типа	типа	PART	_	_	_	_	_	@ap1998m-words#@ap1998m#272.411#272.673
862	ээ	ээ	INTJ	_	_	_	_	_	@ap1998m-words#@ap1998m#272.695#273.017
863	/	/	PUNCT	_	_	_	_	_	@ap1998m-words#@ap1998m#273.017#273.339
864	каждый	каждый	DET	_	Case=Nom|Gender=Masc|Number=Sing	_	_	_	@ap1998m-words#@ap1998m#273.339#273.661
865	человек	человек	NOUN	_	Animacy=Anim|Case=Nom|Gender=Masc|Number=Sing	_	_	_	@ap1998m-words#@ap1998m#273.661#273.983
866	работает	работать	VERB	_	Aspect=Imp|Mood=Ind|Number=Sing|Person=3|Tense=Pres|VerbForm=Fin|Voice=Act	_	_	_	@ap1998m-words#@ap1998m#273.983#274.305
867	/	/	PUNCT	_	_	_	_	_	@ap1998m-words#@ap1998m#274.305#274.627
868	ии	и	CCONJ	_	_	_	_	_	@ap1998m-words#@ap1998m#274.627#274.949
869	/	/	PUNCT	_	_	_	_	_	@ap1998m-words#@ap1998m#274.949#275.271
870	вот	вот	PART	_	_	_	_	_	@ap1998m-words#@ap1998m#275.271#275.593
871	/	/	PUNCT	_	_	_	_	_	@ap1998m-words#@ap1998m#275.593#275.915
872	зарабатывает	зарабатывать	VERB	_	Aspect=Imp|Mood=Ind|Number=Sing|Person=3|Tense=Pres|VerbForm=Fin|Voice=Act	_	_	_	@ap1998m-words#@ap1998m#275.915#276.237
873	/	/	PUNCT	_	_	_	_	_	@ap1998m-words#@ap1998m#276.237#276.559
874	и	и	CCONJ	_	_	_	_	_	@ap1998m-words#@ap1998m#276.559#276.881
875	стремится	стремиться	VERB	_	Aspect=Imp|Mood=Ind|Number=Sing|Person=3|Tense=Pres|VerbForm=Fin|Voice=Mid	_	_	_	@ap1998m-words#@ap1998m#276.881#277.203
876	к	к	ADP	_	_	_	_	_	@ap1998m-words#@ap1998m#277.203#277.525
877	чему-то	что-то	PRON	_	Case=Dat	_	_	_	@ap1998m-words#@ap1998m#277.525#277.847
878	у	у	ADP	_	_	_	_	_	@ap1998m-words#@ap1998m#278.217#278.467
879	меня	я	PRON	_	Case=Gen|Number=Sing|Person=1	_	_	_	@ap1998m-words#@ap1998m#278.467#278.717
880	родители	родитель	NOUN	_	Animacy=Anim|Case=Nom|Gender=Masc|Number=Plur	_	_	_	@ap1998m-words#@ap1998m#278.717#278.967
881	не	не	PART	_	_	_	_	_	@ap1998m-words#@ap1998m#278.967#279.217
882	в	в	ADP	_	_	_	_	_	@ap1998m-words#@ap1998m#279.217#279.467
883	том	тот	DET	_	Case=Loc|Gender=Masc|Number=Sing	_	_	_	@ap1998m-words#@ap1998m#279.467#279.717
884	возрасте	возрасте	NOUN	_	Animacy=Inan|Case=Loc|Gender=Masc|Number=Sing	_	_	_	@ap1998m-words#@ap1998m#279.717#279.967
885	когда	когда	ADV	_	Degree=Pos	_	_	_	@ap1998m-words#@ap1998m#279.967#280.217
886	им	они	PRON	_	Case=Dat|Number=Plur|Person=3	_	_	_	@ap1998m-words#@ap1998m#280.282#280.558
887	нужна	нужный	ADJ	_	Degree=Pos|Gender=Fem|Number=Sing|Variant=Short	_	_	_	@ap1998m-words#@ap1998m#280.558#280.834
888	помощь	помощь	NOUN	_	Animacy=Inan|Case=Nom|Gender=Fem|Number=Sing	_	_	_	@ap1998m-words#@ap1998m#280.834#281.11
889	/	/	PUNCT	_	_	_	_	_	@ap1998m-words#@ap1998m#281.11#281.386
890	им	они	PRON	_	Case=Dat|Number=Plur|Person=3	_	_	_	@ap1998m-words#@ap1998m#281.386#281.662
891	нужно	нужный	ADJ	_	Degree=Pos|Gender=Neut|Number=Sing|Variant=Short	_	_	_	@ap1998m-words#@ap1998m#281.662#281.938
892	подать	подать	VERB	_	Aspect=Perf|VerbForm=Inf|Voice=Act	_	_	_	@ap1998m-words#@ap1998m#281.938#282.214
893	стакан	стакан	NOUN	_	Animacy=Inan|Case=Acc|Gender=Masc|Number=Sing	_	_	_	@ap1998m-words#@ap1998m#282.214#282.49
894	воды	вода	NOUN	_	Animacy=Inan|Case=Gen|Gender=Fem|Number=Sing	_	_	_	@ap1998m-words#@ap1998m#282.49#282.766
895	/	/	PUNCT	_	_	_	_	_	@ap1998m-words#@ap1998m#282.766#283.042
896	они	они	PRON	_	Case=Nom|Number=Plur|Person=3	_	_	_	@ap1998m-words#@ap1998m#283.042#283.326
897	взрослые	взрослый	ADJ	_	Case=Nom|Degree=Pos|Number=Plur	_	_	_	@ap1998m-words#@ap1998m#283.666#284.023
898	люди	человек	NOUN	_	Animacy=Anim|Case=Nom|Gender=Masc|Number=Plur	_	_	_	@ap1998m-words#@ap1998m#284.023#284.38
899	/	/	PUNCT	_	_	_	_	_	@ap1998m-words#@ap1998m#284.38#284.737
900	которые	который	PRON	_	Case=Nom	_	_	_	@ap1998m-words#@ap1998m#284.737#285.094
901	/	/	PUNCT	_	_	_	_	_	@ap1998m-words#@ap1998m#285.094#285.451
902	э	э	INTJ	_	_	_	_	_	@ap1998m-words#@ap1998m#285.451#285.808
903	/	/	PUNCT	_	_	_	_	_	@ap1998m-words#@ap1998m#285.808#286.165
904	строят	строить	VERB	_	Aspect=Imp|Mood=Ind|Number=Plur|Person=3|Tense=Pres|VerbForm=Fin|Voice=Act	_	_	_	@ap1998m-words#@ap1998m#286.165#286.522
905	свою	свой	DET	_	Case=Acc|Gender=Fem|Number=Sing	_	_	_	@ap1998m-words#@ap1998m#286.522#286.879
906	карьеру	карьера	NOUN	_	Animacy=Inan|Case=Acc|Gender=Fem|Number=Sing	_	_	_	@ap1998m-words#@ap1998m#286.879#287.236
907	/	/	PUNCT	_	_	_	_	_	@ap1998m-words#@ap1998m#287.236#287.593
908	ии	и	CCONJ	_	_	_	_	_	@ap1998m-words#@ap1998m#287.593#287.95
909	сами	сам	ADJ	_	Case=Nom|Degree=Pos|Number=Plur	_	_	_	@ap1998m-words#@ap1998m#287.95#288.307
910	/	/	PUNCT	_	_	_	_	_	@ap1998m-words#@ap1998m#288.307#288.664
911	зарабатывают	зарабатывать	VERB	_	Aspect=Imp|Mood=Ind|Number=Plur|Person=3|Tense=Pres|VerbForm=Fin|Voice=Act	_	_	_	@ap1998m-words#@ap1998m#288.664#289.021
912	деньги	деньги	NOUN	_	Animacy=Inan|Case=Acc|Gender=Fem|Number=Plur	_	_	_	@ap1998m-words#@ap1998m#289.021#289.384
913	вот	вот	PART	_	_	_	_	_	@ap1998m-words#@ap1998m#289.846#290.137
914	/	/	PUNCT	_	_	_	_	_	@ap1998m-words#@ap1998m#290.137#290.428
915	когда	когда	SCONJ	_	_	_	_	_	@ap1998m-words#@ap1998m#290.428#290.719
916	им	они	PRON	_	Case=Dat|Number=Plur|Person=3	_	_	_	@ap1998m-words#@ap1998m#290.719#291.01
917	нужна	нужный	ADJ	_	Degree=Pos|Gender=Fem|Number=Sing|Variant=Short	_	_	_	@ap1998m-words#@ap1998m#291.01#291.301
918	будет	быть	AUX	_	Aspect=Imp|Mood=Ind|Number=Sing|Person=3|Tense=Pres|VerbForm=Fin|Voice=Act	_	_	_	@ap1998m-words#@ap1998m#291.301#291.592
919	помощь	помощь	NOUN	_	Animacy=Inan|Case=Nom|Gender=Fem|Number=Sing	_	_	_	@ap1998m-words#@ap1998m#291.592#291.883
920	я	я	PRON	_	Case=Nom|Number=Sing|Person=1	_	_	_	@ap1998m-words#@ap1998m#291.883#292.174
921	им	они	PRON	_	Case=Dat|Number=Plur|Person=3	_	_	_	@ap1998m-words#@ap1998m#292.174#292.465
922	/	/	PUNCT	_	_	_	_	_	@ap1998m-words#@ap1998m#292.465#292.756
923	обязательно	обязательно	ADV	_	Degree=Pos	_	_	_	@ap1998m-words#@ap1998m#292.756#293.047
924	/	/	PUNCT	_	_	_	_	_	@ap1998m-words#@ap1998m#293.047#293.338
925	помогу	помогать	VERB	_	Aspect=Perf|Mood=Ind|Number=Sing|Person=1|Tense=Fut|VerbForm=Fin|Voice=Act	_	_	_	@ap1998m-words#@ap1998m#293.338#293.629
926	без	без	ADP	_	_	_	_	_	@ap1998m-words#@ap1998m#293.629#293.92
927	проблем	проблема	NOUN	_	Animacy=Inan|Case=Gen|Gender=Fem|Number=Plur	_	_	_	@ap1998m-words#@ap1998m#293.92#294.211
928	вообще	вообще	ADV	_	Degree=Pos	_	_	_	@ap1998m-words#@ap1998m#294.211#294.512
929	а	а	CCONJ	_	_	_	_	_	@ap1998m-words#@ap1998m#294.512#294.7
930	сейчас	сейчас	ADV	_	Degree=Pos	_	_	_	@ap1998m-words#@ap1998m#294.7#294.888
931	я	я	PRON	_	Case=Nom|Number=Sing|Person=1	_	_	_	@ap1998m-words#@ap1998m#294.888#295.076
932	считаю	считать	VERB	_	Aspect=Imp|Mood=Ind|Number=Sing|Person=1|Tense=Pres|VerbForm=Fin|Voice=Act	_	_	_	@ap1998m-words#@ap1998m#295.076#295.264
933	/	/	PUNCT	_	_	_	_	_	@ap1998m-words#@ap1998m#295.264#295.452
934	что	что	SCONJ	_	_	_	_	_	@ap1998m-words#@ap1998m#295.452#295.641
935	у	у	ADP	_	_	_	_	_	@ap1998m-words#@ap1998m#296.256#296.48
936	них	они	PRON	_	Case=Gen|Number=Plur|Person=3	_	_	_	@ap1998m-words#@ap1998m#296.48#296.704
937	всё	все	PRON	_	Animacy=Inan|Case=Nom|Gender=Neut|Number=Sing	_	_	_	@ap1998m-words#@ap1998m#296.704#296.928
938	нормально	нормально	ADV	_	Degree=Pos	_	_	_	@ap1998m-words#@ap1998m#296.928#297.153